"","fid","id_transect","Name","fkt","tr_lengh","tr_area","green","industrial","urban","water","name_transect","sum","p_water","p_green","p_industrial","p_urban","sum_check","id_fkt","Seclasse","length","area_real","area_admin","percentage covared","pcc_bac","pcc_total","population","index1","index2","pop_dens_s","area_s","pcc_s","length_s"
"1",568,1,"Ambatomaro Equipe01","Ambatomaro",1820,94950,6168.17205704277,7200.57301610215,20532.4809949571,376.648655186145,"Ambatomaro Equipe01",34277.8747232882,0.0109880982478255,0.179946163723276,0.210064745093724,0.599000992935174,1,1,"Riche",14189.705,806654,2417765.503,0.333636161,4,5,32838,-0.388679874189757,-1.4790707588131,-0.485735998200331,0.999119583491292,-0.647081347996029,0.888245427766195
"2",563,2,"Ambatomaro Equipe02","Ambatomaro",1520,85652,5737.76899077832,6338.63453281648,18439.5938714796,408.278046472624,"Ambatomaro Equipe02",30924.275441547,0.0132025096996808,0.185542552213514,0.204972774375838,0.596282163710968,1,1,"Riche",14189.705,806654,2417765.503,0.333636161,4,5,32838,-0.263537904834808,-1.52764831327865,-0.485735998200331,0.999119583491292,-0.647081347996029,0.888245427766195
"3",566,3,"Ambatomaro Equipe03","Ambatomaro",1489,71500,2461.26723344435,4134.75001364868,19074.9656659097,142.76870446722,"Ambatomaro Equipe03",25813.75161747,0.00553072279391572,0.0953471339585773,0.160176253142933,0.738945890104574,1,1,"Riche",14189.705,806654,2417765.503,0.333636161,4,5,32838,-0.868228646506869,-0.59837596364028,-0.485735998200331,0.999119583491292,-0.647081347996029,0.888245427766195
"4",569,4,"Ambatomaro Equipe04","Ambatomaro",1461,72377,6263.91047897232,3395.26586735473,15975.4046632934,496.421864805277,"Ambatomaro Equipe04",26131.0028744258,0.0189974287321028,0.239711828477229,0.129932474603861,0.611358268186808,1,1,"Riche",14189.705,806654,2417765.503,0.333636161,4,5,32838,0.859053148385896,-0.25824594186358,-0.485735998200331,0.999119583491292,-0.647081347996029,0.888245427766195
"5",567,5,"Ambatomaro Equipe05","Ambatomaro",1411,76522,4996.03004109164,4353.14200041804,17867.1416394629,408.560306706,"Ambatomaro Equipe05",27624.8739876786,0.0147895808280692,0.180852591158244,0.157580519728693,0.646777308284994,1,1,"Riche",14189.705,806654,2417765.503,0.333636161,4,5,32838,0.0664312419672644,-0.788652230525696,-0.485735998200331,0.999119583491292,-0.647081347996029,0.888245427766195
"6",425,6,"Ambatomaro Equipe06","Ambatomaro",1544,87351,11083.9500912009,2873.85409897217,16638.7931881799,938.136983953882,"Ambatomaro Equipe06",31534.7343623069,0.0297493225462278,0.35148385789003,0.0911329731195472,0.527633846444195,1,1,"Riche",14189.705,806654,2417765.503,0.333636161,4,5,32838,2.31354924864554,0.269139191230928,-0.485735998200331,0.999119583491292,-0.647081347996029,0.888245427766195
"7",550,7,"Ambatomaro Equipe07","Ambatomaro",1352,83102,6365.09729245628,3691.69005535368,19200.1531641352,743.97186387486,"Ambatomaro Equipe07",30000.91237582,0.0247983079499436,0.212163457321598,0.123052592838113,0.639985641890346,1,1,"Riche",14189.705,806654,2417765.503,0.333636161,4,5,32838,0.768429850195457,-0.755671971778056,-0.485735998200331,0.999119583491292,-0.647081347996029,0.888245427766195
"8",426,8,"Ambatomaro Equipe08","Ambatomaro",1445,78239,5657.05081009529,2834.80927121127,19270.5386934806,483.809341392014,"Ambatomaro Equipe08",28246.2081161792,0.0171282934474625,0.200276468502509,0.100360701852491,0.682234536197537,1,1,"Riche",14189.705,806654,2417765.503,0.333636161,4,5,32838,0.693151123972293,0.217315321666403,-0.485735998200331,0.999119583491292,-0.647081347996029,0.888245427766195
"9",551,9,"Ambatomaro Equipe09","Ambatomaro",1257,66125,6429.78865116258,2513.91250583055,14475.0146095553,454.120414195553,"Ambatomaro Equipe09",23872.836180744,0.0190224743619634,0.269334929561026,0.105304308495121,0.60633828758189,1,1,"Riche",14189.705,806654,2417765.503,0.333636161,4,5,32838,1.29874676213604,0.378542183497568,-0.485735998200331,0.999119583491292,-0.647081347996029,0.888245427766195
"10",430,10,"Ambatomaro Equipe10","Ambatomaro",1116,65978,6949.15203415556,2550.83981695563,13765.80506472,555.852913609007,"Ambatomaro Equipe10",23821.6498294402,0.0233339385638207,0.291715816658819,0.107080736859928,0.577869507917432,1,1,"Riche",14189.705,806654,2417765.503,0.333636161,4,5,32838,1.55883169377575,0.13104891654808,-0.485735998200331,0.999119583491292,-0.647081347996029,0.888245427766195
"11",103,11,"Ambodimita Equipe02","Ambodimita",1150,66767,7057.36762295551,1752.82984429179,15063.7553898503,219.067210007459,"Ambodimita Equipe02",24093.0200671051,0.0090925591477242,0.292921667906264,0.0727525996911022,0.62523317325491,1,2,"Moyen",7271.998,389383,1284071.607,0.303240877,2,5,12757,1.56747076917335,1.92740320340875,-0.732821152814047,-0.602074869800567,-0.647081347996029,-0.574438368284627
"12",69,12,"Ambodimita Equipe03","Ambodimita",739,42396,2355.70791207935,1575.10689745555,11287.863972513,80.3648025766015,"Ambodimita Equipe03",15299.0435846245,0.00525292984048805,0.153977462646542,0.102954599007648,0.737815008505321,1,2,"Moyen",7271.998,389383,1284071.607,0.303240877,2,5,12757,0.0576688459862912,0.848094076270246,-0.732821152814047,-0.602074869800567,-0.647081347996029,-0.574438368284627
"13",574,13,"Ambodimita Equipe04","Ambodimita",955,57469,6140.21701567828,1981.44648773479,12222.2121758477,395.009141584858,"Ambodimita Equipe04",20738.8848208456,0.0190467879539895,0.296072670672555,0.0955425764139039,0.589337964959551,1,2,"Moyen",7271.998,389383,1284071.607,0.303240877,2,5,12757,1.60532249671528,0.718025090472613,-0.732821152814047,-0.602074869800567,-0.647081347996029,-0.574438368284627
"14",573,14,"Ambodimita Equipe05","Ambodimita",800,42526,1882.42956744629,1319.80348432297,12030.5366881336,113.343380637409,"Ambodimita Equipe05",15346.1131205403,0.00738580380237795,0.122664908870424,0.0860024602944215,0.783946827032777,1,2,"Moyen",7271.998,389383,1284071.607,0.303240877,2,5,12757,-0.0576923842630555,0.812572728492357,-0.732821152814047,-0.602074869800567,-0.647081347996029,-0.574438368284627
"15",102,15,"Ambodimita Equipe06","Ambodimita",1094,54869,2148.44258187284,1561.85824084701,16055.3725444717,34.3915198380128,"Ambodimita Equipe06",19800.0648870296,0.00173693975419957,0.108506845514442,0.0788814708314483,0.810874743899911,1,2,"Moyen",7271.998,389383,1284071.607,0.303240877,2,5,12757,-0.230195837497755,1.31647617356189,-0.732821152814047,-0.602074869800567,-0.647081347996029,-0.574438368284627
"16",47,16,"Ambodimita Equipe07","Ambodimita",541,32822,1939.55289307448,989.934490618114,8880.30580158766,34.1199057251215,"Ambodimita Equipe07",11843.9130910054,0.00288079669809746,0.163759466839337,0.0835817084279266,0.749778028034639,1,2,"Moyen",7271.998,389383,1284071.607,0.303240877,2,5,12757,0.242393876896213,1.46121887646648,-0.732821152814047,-0.602074869800567,-0.647081347996029,-0.574438368284627
"17",51,17,"Ambodimita Equipe08","Ambodimita",889,42627,1878.78972754428,1545.531272589,11857.0483233723,101,"Ambodimita Equipe08",15382.3693235056,0.00656595859037548,0.122139163872065,0.100474201346036,0.770820676191523,1,2,"Moyen",7271.998,389383,1284071.607,0.303240877,2,5,12757,-0.181591654233769,0.602268547539901,-0.732821152814047,-0.602074869800567,-0.647081347996029,-0.574438368284627
"18",42,18,"Ambodimita Equipe09","Ambodimita",1042,63178,6429.21429166634,1710.51107624592,14387.7694742643,269.99780298589,"Ambodimita Equipe09",22797.4926451625,0.011843311332011,0.282014096538401,0.0750306668750647,0.631111925254523,1,2,"Moyen",7271.998,389383,1284071.607,0.303240877,2,5,12757,1.50334158853766,1.59971454194441,-0.732821152814047,-0.602074869800567,-0.647081347996029,-0.574438368284627
"19",468,19,"Ambodivona Equipe02","Ambodimita",963,47462,751.466145292856,2769.12194223121,13599.0877419507,13.0606826394796,"Ambodivona Equipe02",17132.7365121142,0.000762323206817817,0.0438614196139366,0.161627533364166,0.793748723815079,1,2,"Moyen",7271.998,389383,1284071.607,0.303240877,2,5,12757,-1.41601119056889,-0.546373178810225,-0.732821152814047,-0.602074869800567,-0.647081347996029,-0.574438368284627
"20",583,20,"Ambodivona Equipe04","Ambodimita",1201,69240,665.316777887521,3227.42243817991,21088.6839209997,12.7426764369011,"Ambodivona Equipe04",24994.1658135041,0.000509826034282623,0.0266188830966328,0.129127031574551,0.843744259294533,1,2,"Moyen",7271.998,389383,1284071.607,0.303240877,2,5,12757,-1.33683041356011,-0.0146101949100335,-0.732821152814047,-0.602074869800567,-0.647081347996029,-0.574438368284627
"21",101,21,"Ambohimanandray Equipe01","Ambohimanandray",906,44787,1655.47013187595,2491.72710486528,11921.7032382244,93.3954756073654,"Ambohimanandray Equipe01",16162.295950573,0.00577860199398552,0.102427906093209,0.154169129960582,0.737624361952224,1,4,"Moyen",1859.233,105997,78224.977,1.355027564,1,3,4018,-0.75800022812239,-0.463290689919527,2.07394071949072,-1.68951226981295,-0.884499684311118,-1.71891639508325
"22",99,22,"Ambohimanandray Equipe10","Ambohimanandray",953,54121,3285.05406393269,2473.17617018783,13614.929713443,157.930463255383,"Ambohimanandray Equipe10",19531.0904108189,0.00808610578997167,0.168196142398326,0.126627654583886,0.697090097227816,1,4,"Moyen",1859.233,105997,78224.977,1.355027564,1,3,4018,0.0612358036053737,0.258119541515862,2.07394071949072,-1.68951226981295,-0.884499684311118,-1.71891639508325
"23",538,23,"Ambohimiandra Equipe04","Ambohimiandra",1205,61481,2679.27505757462,4337.4181026462,14902.6617254297,282.72399889119,"Ambohimiandra Equipe04",22202.0788845417,0.0127341227982051,0.120676765068161,0.195360899544689,0.671228212588945,1,5,"Pauvre",10172.046,573303,474234.601,1.208901668,3,9,8674,-0.773301652740612,-1.6904750328418,-0.166743516223206,0.10368154233792,-0.172244675365849,0.0387493856011036
"24",539,24,"Ambohimiandra Equipe05","Ambohimiandra",1434,69104,3482.78617266877,4033.22224565291,17158.678963882,279.803814258426,"Ambohimiandra Equipe05",24954.491196462,0.0112125633841052,0.139565505273157,0.161623100783747,0.687598830558991,1,5,"Pauvre",10172.046,573303,474234.601,1.208901668,3,9,8674,-0.389353626826894,-0.821034956012951,-0.166743516223206,0.10368154233792,-0.172244675365849,0.0387493856011036
"25",537,25,"Ambohimiandra Equipe06","Ambohimiandra",1496,80813,6741.00572641831,4411.4704236061,17442.1696481613,587.763286159432,"Ambohimiandra Equipe06",29182.4090843452,0.0201410131857392,0.230995518805009,0.151168822658052,0.5976946453512,1,5,"Pauvre",10172.046,573303,474234.601,1.208901668,3,9,8674,0.648587944708271,-0.801745690818812,-0.166743516223206,0.10368154233792,-0.172244675365849,0.0387493856011036
"26",542,26,"Ambohimiandra Equipe07","Ambohimiandra",1428,82099,5908.97019980798,5080.50803365597,17940.4089837565,718.441769694211,"Ambohimiandra Equipe07",29648.3289869146,0.0242321167581248,0.199301964114602,0.1713590009035,0.605106918223773,1,5,"Pauvre",10172.046,573303,474234.601,1.208901668,3,9,8674,0.295264013590971,-1.69703044191773,-0.166743516223206,0.10368154233792,-0.172244675365849,0.0387493856011036
"27",540,27,"Ambohimiandra Equipe08","Ambohimiandra",1341,73874,9224.31667648635,2642.32579754229,14369.5868669026,440.571345078133,"Ambohimiandra Equipe08",26676.8006860093,0.0165151492588536,0.345780469894355,0.0990495760208631,0.538654804825929,1,5,"Pauvre",10172.046,573303,474234.601,1.208901668,3,9,8674,1.9730401347831,1.1473341613487,-0.166743516223206,0.10368154233792,-0.172244675365849,0.0387493856011036
"28",543,28,"Ambohimiandra Equipe09","Ambohimiandra",1470,85475,4753.43961172507,5407.32449783492,20349.1386761861,358.869397685397,"Ambohimiandra Equipe09",30868.7721834315,0.011625645346465,0.153988619420258,0.175171350052506,0.659214385180771,1,5,"Pauvre",10172.046,573303,474234.601,1.208901668,3,9,8674,-0.353234832315657,-1.02481532028106,-0.166743516223206,0.10368154233792,-0.172244675365849,0.0387493856011036
"29",575,29,"Ambohimiandra Equipe10","Ambohimiandra",1809,96240,10703.6380329004,2963.86577891273,20507.1160134201,579.755748169007,"Ambohimiandra Equipe10",34754.3755734022,0.0166815181859489,0.307979581169399,0.0852803634078525,0.590058537236799,1,5,"Pauvre",10172.046,573303,474234.601,1.208901668,3,9,8674,1.74287665950807,1.17127141950966,-0.166743516223206,0.10368154233792,-0.172244675365849,0.0387493856011036
"30",465,30,"Ampandrana Equipe01","Ampandrana",1492,84775,3519.87269826156,3274.84847451402,23727.6891855255,82.6506673842669,"Ampandrana Equipe01",30605.0610256854,0.0027005555491264,0.115009497785595,0.107003494349042,0.775286452316236,1,6,"Moyen",5399.022,290622,242530.113,1.198292436,4,6,4018,-0.359706536214458,0.747085927022891,-0.28350671396711,-0.981050560422627,-0.528372179838484,-0.970461450151506
"31",462,31,"Ampandrana Equipe02","Ampandrana",1483,85010,5154.86929267602,2844.36972423724,22414.1523748804,276.398959368467,"Ampandrana Equipe02",30689.7903511621,0.009006218556915,0.167966911265682,0.0926813018821921,0.730345568295211,1,6,"Moyen",5399.022,290622,242530.113,1.198292436,4,6,4018,0.321334916719328,0.823241230544925,-0.28350671396711,-0.981050560422627,-0.528372179838484,-0.970461450151506
"32",576,32,"Ampandrana Equipe03","Ampandrana",1170,70641,1617.86110424022,2894.14456991265,20948.9716563706,40.8333590370603,"Ampandrana Equipe03",25501.8106895605,0.00160119450081934,0.063441028714973,0.113487807008833,0.821469969775374,1,6,"Moyen",5399.022,290622,242530.113,1.198292436,4,6,4018,-0.880099410194986,0.409507927752744,-0.28350671396711,-0.981050560422627,-0.528372179838484,-0.970461450151506
"33",464,33,"Ampandrana Equipe04","Ampandrana",1253,67075,4281.97572174554,2915.85065010694,16664.5544102123,352.766225195955,"Ampandrana Equipe04",24215.1470072607,0.0145679984965684,0.176830465677604,0.12041432782682,0.688187207999008,1,6,"Moyen",5399.022,290622,242530.113,1.198292436,4,6,4018,0.296364016413112,-0.0935835614243015,-0.28350671396711,-0.981050560422627,-0.528372179838484,-0.970461450151506
"34",295,34,"Analamahitsy Equipe01","Analamahitsy",2047,121497,9792.1787685946,8517.82961292663,23115.6682298027,2421.87082351746,"Analamahitsy Equipe01",43847.5474348414,0.0552338948288139,0.223323294949302,0.19426011513151,0.527182695090374,1,7,"Moyen",14999.369,788259,1171349.882,0.672949229,7,15,19875,0.886540923783154,-4.47321446964039,-0.256367935538932,0.928532430374244,0.54001033357942,1.05944123196052
"35",296,35,"Analamahitsy Equipe02","Analamahitsy",1591,92020,7992.14253618914,4944.22457874164,20069.6639837057,204.997824349382,"Analamahitsy Equipe02",33211.0289229859,0.00617258275330038,0.240647242659129,0.148872971993941,0.604307202593629,1,7,"Moyen",14999.369,788259,1171349.882,0.672949229,7,15,19875,0.504342342266333,0.418277896835602,-0.256367935538932,0.928532430374244,0.54001033357942,1.05944123196052
"36",299,36,"Analamahitsy Equipe03","Analamahitsy",1557,85521,3478.99166694004,3747.48097594906,23433.1780806445,203.846910965891,"Analamahitsy Equipe03",30863.4976344995,0.00660478968974757,0.11272188616274,0.121421137044432,0.759252187103081,1,7,"Moyen",14999.369,788259,1171349.882,0.672949229,7,15,19875,-0.415577440951231,0.1486775302757,-0.256367935538932,0.928532430374244,0.54001033357942,1.05944123196052
"37",294,37,"Analamahitsy Equipe04","Analamahitsy",1348,72090,2792.46424563427,3593.85781176264,19451.5043161361,177.317965164781,"Analamahitsy Equipe04",26015.1443386978,0.00681595161865077,0.107339948196269,0.138144834599927,0.747699265585153,1,7,"Moyen",14999.369,788259,1171349.882,0.672949229,7,15,19875,-0.580403260046332,-0.215334833148593,-0.256367935538932,0.928532430374244,0.54001033357942,1.05944123196052
"38",225,38,"Analamahitsy Equipe05","Analamahitsy",1713,89903,3179.76798128402,4481.03141799571,24697.5298228245,85.59450218454,"Analamahitsy Equipe05",32443.9237242888,0.00263822905367209,0.0980081203588676,0.138116198770405,0.761237451817056,1,7,"Moyen",14999.369,788259,1171349.882,0.672949229,7,15,19875,-0.735897180984767,0.0652508765422701,-0.256367935538932,0.928532430374244,0.54001033357942,1.05944123196052
"39",302,39,"Analamahitsy Equipe06","Analamahitsy",1577,74972,1902.80059200195,3591.32101000897,21509.7955602953,52.454764187336,"Analamahitsy Equipe06",27056.3719264935,0.00193872128642541,0.070327263284651,0.132734759108347,0.794999256320576,1,7,"Moyen",14999.369,788259,1171349.882,0.672949229,7,15,19875,-0.952957663328219,0.0599592726168846,-0.256367935538932,0.928532430374244,0.54001033357942,1.05944123196052
"40",297,40,"Analamahitsy Equipe07","Analamahitsy",968,53441,2777.51345335002,2469.65426031742,13979.8934858393,60.277779687196,"Analamahitsy Equipe07",19287.338979194,0.00312525122061784,0.144007084458164,0.128045359859208,0.72482230446201,1,7,"Moyen",14999.369,788259,1171349.882,0.672949229,7,15,19875,-0.24934014739438,0.48679664178309,-0.256367935538932,0.928532430374244,0.54001033357942,1.05944123196052
"41",298,41,"Analamahitsy Equipe08","Analamahitsy",1418,81129,3547.11896931969,4641.9566929554,20930.3514293656,160.083888332825,"Analamahitsy Equipe08",29279.5109799735,0.00546743722742906,0.121146796876008,0.158539420147091,0.714846345749472,1,7,"Moyen",14999.369,788259,1171349.882,0.672949229,7,15,19875,-0.630315029651846,-0.410628026672936,-0.256367935538932,0.928532430374244,0.54001033357942,1.05944123196052
"42",301,42,"Analamahitsy Equipe09","Analamahitsy",1335,66579,588.146209007711,3504.89610519651,19916.5978710388,19.0097607970238,"Analamahitsy Equipe09",24028.64994604,0.000791128958127613,0.0244768728300792,0.145863213832957,0.828868784378836,1,7,"Moyen",14999.369,788259,1171349.882,0.672949229,7,15,19875,-1.47198409515036,-0.365418239070131,-0.256367935538932,0.928532430374244,0.54001033357942,1.05944123196052
"43",300,43,"Analamahitsy Equipe10","Analamahitsy",1446,68467,2652.11731569,3093.90718686419,18885.1118532181,78.4923958331347,"Analamahitsy Equipe10",24709.6287516054,0.00317659146651626,0.107331329918006,0.12521058968412,0.764281488931358,1,7,"Moyen",14999.369,788259,1171349.882,0.672949229,7,15,19875,-0.5508352371892,0.320348773164349,-0.256367935538932,0.928532430374244,0.54001033357942,1.05944123196052
"44",503,44,"Andavamamba Equipe05","Andavamamba",1277,69690,2797.29868048722,3434.54799720372,18819.9637617849,112.071130934404,"Andavamamba Equipe05",25163.8815704103,0.00445365038858658,0.11116324294645,0.136487210353205,0.747895896311758,1,8,"Pauvre",3869.679,234563,302711.58,0.7748729,1,10,12402,-0.576309631633782,0.0278244037619123,1.36970898455306,-1.19616582090583,-0.0535355072083046,-1.2938265803462
"45",502,45,"Andavamamba Equipe06","Andavamamba",1261,76366,5498.58642084905,2418.42126723871,19472.2647733138,186.715741287917,"Andavamamba Equipe06",27575.9882026895,0.00677095377019731,0.199397620148125,0.0877002575379273,0.70613116854375,1,8,"Pauvre",3869.679,234563,302711.58,0.7748729,1,10,12402,0.594827955467254,1.2813354609651,1.36970898455306,-1.19616582090583,-0.0535355072083046,-1.2938265803462
"46",501,46,"Andavamamba Equipe07","Andavamamba",1332,67667,3355.85336832111,2805.92027104346,18049.9050552903,221.917254559696,"Andavamamba Equipe07",24433.5959492145,0.0090824639574524,0.137345864902419,0.114838613066844,0.738733058073284,1,8,"Pauvre",3869.679,234563,302711.58,0.7748729,1,10,12402,-0.107462926562232,0.219061469797133,1.36970898455306,-1.19616582090583,-0.0535355072083046,-1.2938265803462
"47",497,47,"Andraharo Equipe05","Andraharo",1546,93426,4591.07878590068,6540.20772768621,22419.8882481915,170.930488640442,"Andraharo Equipe05",33722.1052504188,0.00506879648738181,0.136144488957837,0.193944229730585,0.664842484824196,1,9,"Pauvre",4029.492,265304,598928.582,0.442964333,2,9,2627,-0.76176293000082,-0.958170181500907,-1.10872648908781,-1.0782033488226,-0.172244675365849,-1.26003563119234
"48",577,48,"Andraharo Equipe07","Andraharo",893,56761,7457.30497480197,3827.03661200718,8616.11385173764,585.335030653456,"Andraharo Equipe07",20485.7904692002,0.0285727334531459,0.36402329634357,0.186814202642608,0.420589767560676,1,9,"Pauvre",4029.492,265304,598928.582,0.442964333,2,9,2627,1.71009422453631,-1.367331052162,-1.10872648908781,-1.0782033488226,-0.172244675365849,-1.26003563119234
"49",499,49,"Andraharo Equipe08","Andraharo",1619,93569,16211.9340826613,2275.66941106801,14291.8301048399,993.666741550227,"Andraharo Equipe08",33773.1003401195,0.0294218396162415,0.480025047135012,0.0673811224954292,0.423171990753317,1,9,"Pauvre",4029.492,265304,598928.582,0.442964333,2,9,2627,3.6116768755642,1.49968816860915,-1.10872648908781,-1.0782033488226,-0.172244675365849,-1.26003563119234
"50",436,50,"Andraisoro Equipe01","Andraisoro",2777,157973,17637.2782851834,5559.88658009077,33403.0711724633,433.799469544822,"Andraisoro Equipe01",57034.0355072824,0.00760597537394022,0.309241282478275,0.0974836609515534,0.585669081196232,1,10,"Pauvre",17226.942,992061,1240938.446,0.799444165,9,33,22319,1.50583870694585,1.67617710541737,-0.187402618970361,1.71058206231557,2.67677536041523,1.5304404997266
"51",451,51,"Andraisoro Equipe02","Andraisoro",2041,110352,5320.60759481429,5733.74691051899,28495.8565893338,289.372272670269,"Andraisoro Equipe02",39839.5833673373,0.00726343621624097,0.133550784047014,0.143920855237152,0.715264924499593,1,10,"Pauvre",17226.942,992061,1240938.446,0.799444165,9,33,22319,-0.383580970631541,-0.205928423599757,-0.187402618970361,1.71058206231557,2.67677536041523,1.5304404997266
"52",435,52,"Andraisoro Equipe03","Andraisoro",1742,96654,4245.96475730073,5630.05345914814,24399.7835904801,617.209893915802,"Andraisoro Equipe03",34893.0117008448,0.0176886391810329,0.121685247283998,0.161351892104281,0.699274221430688,1,10,"Pauvre",17226.942,992061,1240938.446,0.799444165,9,33,22319,-0.430839661979723,-1.44035149725898,-0.187402618970361,1.71058206231557,2.67677536041523,1.5304404997266
"53",582,53,"Andraisoro Equipe04","Andraisoro",1436,79622,5743.55760451022,4262.45493507014,18580.2672200035,160.974806845902,"Andraisoro Equipe04",28747.2545664297,0.00559965844647594,0.199794995770392,0.148273461217675,0.646331884565457,1,10,"Pauvre",17226.942,992061,1240938.446,0.799444165,9,33,22319,0.138891590803639,0.235149148028116,-0.187402618970361,1.71058206231557,2.67677536041523,1.5304404997266
"54",452,54,"Andraisoro Equipe05","Andraisoro",1297,62699,3146.65077451847,2778.8845983664,16471.5523131473,238.116279512644,"Andraisoro Equipe05",22635.2039655448,0.0105197320013154,0.139015790593638,0.122768259680647,0.7276962177244,1,10,"Pauvre",17226.942,992061,1240938.446,0.799444165,9,33,22319,-0.124907073000808,-0.0359035122195937,-0.187402618970361,1.71058206231557,2.67677536041523,1.5304404997266
"55",437,55,"Andraisoro Equipe06","Andraisoro",1472,82330,5707.77687317245,3286.32342525979,20522.3071835074,207.240115039167,"Andraisoro Equipe06",29723.6475969788,0.0069722302541439,0.192028143738072,0.110562588744789,0.690437037262995,1,10,"Pauvre",17226.942,992061,1240938.446,0.799444165,9,33,22319,0.36785662140513,0.790644171994468,-0.187402618970361,1.71058206231557,2.67677536041523,1.5304404997266
"56",443,56,"Andraisoro Equipe07","Andraisoro",1478,81307,3250.27523651463,4772.75031673766,21231.478009736,97.9581328481436,"Andraisoro Equipe07",29352.4616958364,0.00333730553379919,0.110732628499628,0.162601364280621,0.723328701685952,1,10,"Pauvre",17226.942,992061,1240938.446,0.799444165,9,33,22319,-0.788932814527833,-0.377728321435346,-0.187402618970361,1.71058206231557,2.67677536041523,1.5304404997266
"57",579,57,"Andraisoro Equipe08","Andraisoro",1751,99202,5855.15251533948,4018.0434567862,25771.1349113077,171.558341010008,"Andraisoro Equipe08",35815.8892244434,0.00479000646709963,0.163479188765848,0.112186058863617,0.719544745903436,1,10,"Pauvre",17226.942,992061,1240938.446,0.799444165,9,33,22319,0.0663080353673997,0.767007708406222,-0.187402618970361,1.71058206231557,2.67677536041523,1.5304404997266
"58",581,58,"Andraisoro Equipe09","Andraisoro",1581,92953,2086.31059562866,5354.67740810022,26018.6489172707,98.3438697829843,"Andraisoro Equipe09",33557.9807907826,0.00293056576902257,0.0621703257009347,0.159564946457416,0.775334162072627,1,10,"Pauvre",17226.942,992061,1240938.446,0.799444165,9,33,22319,-1.20169257733505,-0.573585268968934,-0.187402618970361,1.71058206231557,2.67677536041523,1.5304404997266
"59",580,59,"Andraisoro Equipe10","Andraisoro",1745,101352,6480.65185794032,4217.51637393676,25751.5987388682,141.62559632957,"Andraisoro Equipe10",36591.3925670749,0.0038704620511493,0.177108642314194,0.115259794122504,0.703761101512153,1,10,"Pauvre",17226.942,992061,1240938.446,0.799444165,9,33,22319,0.147864581735707,0.862955621171139,-0.187402618970361,1.71058206231557,2.67677536041523,1.5304404997266
"60",473,60,"Anjanahary Equipe01","Anjanahary",826,45907,1190.33460086965,1947.70478842966,13395.5448159057,37.6130957007408,"Anjanahary Equipe01",16571.1973009058,0.00226978745215259,0.0718315387388811,0.117535549970382,0.808363123838585,1,11,"Moyen",4350.724,180131,125489.511,1.435426743,3,5,6649,-0.823775344314591,0.328929719801186,2.1836804998346,-1.40503779255395,-0.647081347996029,-1.19211415935594
"61",475,61,"Anjanahary Equipe03","Anjanahary",950,38326,653.402588279839,1709.01406444065,11447.7671019612,24.9419369697571,"Anjanahary Equipe03",13835.1256916515,0.0018027980031152,0.0472278028290066,0.123527180202773,0.827442218965105,1,11,"Moyen",4350.724,180131,125489.511,1.435426743,3,5,6649,-1.09204025916711,0.108600665596547,2.1836804998346,-1.40503779255395,-0.647081347996029,-1.19211415935594
"62",476,62,"Anjanahary Equipe06","Anjanahary",900,39098,702.750123478433,1819.2447162968,11571.3196833596,19.910984583199,"Anjanahary Equipe06",14113.225507718,0.00141080326196945,0.0497937288038176,0.12890353911669,0.819891928817523,1,11,"Moyen",4350.724,180131,125489.511,1.435426743,3,5,6649,-1.11529525836279,0.0537266721246929,2.1836804998346,-1.40503779255395,-0.647081347996029,-1.19211415935594
"63",479,63,"Anjanahary Equipe09","Anjanahary",809,37592,752.079071957443,1748.2135885332,11052.6010296633,17,"Anjanahary Equipe09",13569.893690154,0.00125277326323749,0.0554226207758088,0.128830308361344,0.814494297599609,1,11,"Moyen",4350.724,180131,125489.511,1.435426743,3,5,6649,-1.06798310664777,0.100897888215111,2.1836804998346,-1.40503779255395,-0.647081347996029,-1.19211415935594
"64",584,64,"Anjanahary Equipe10","Anjanahary",874,43376,1609.8240265685,1616.50565353125,12395.6434102487,36,"Anjanahary Equipe10",15657.9730903484,0.00229914815872244,0.102811776293114,0.103238499913355,0.791650575634809,1,11,"Moyen",4350.724,180131,125489.511,1.435426743,3,5,6649,-0.446899165555139,0.77850825987068,2.1836804998346,-1.40503779255395,-0.647081347996029,-1.19211415935594
"65",517,65,"Ankazatoho Equipe01","Ankazatoho",2003,115501,11149.9189790316,3667.56744460998,26613.5044893434,288.72164220328,"Ankazatoho Equipe01",41719.7125551882,0.00692050890382691,0.267257809225846,0.0879097007142223,0.637911981156105,1,12,"Pauvre",8443.286,519520,1104845.19,0.470219724,12,18,24901,1.19346133190045,1.66467713092654,0.121011412035761,-0.102700020918084,0.896137838052054,-0.32678058542265
"66",523,66,"Ankazatoho Equipe02","Ankazatoho",2052,119205,9130.74557211152,12955.3710214691,20350.0094055184,621.573839494027,"Ankazatoho Equipe02",43057.699838593,0.0144358347478865,0.212058368336888,0.300883955019285,0.47262184189594,1,12,"Pauvre",8443.286,519520,1104845.19,0.470219724,12,18,24901,-0.703177247687501,-3.27943723824092,0.121011412035761,-0.102700020918084,0.896137838052054,-0.32678058542265
"67",585,67,"Ankazatoho Equipe03","Ankazatoho",2050,114871,7948.5138726834,4454.83064593575,28918.274435125,171.235449463129,"Ankazatoho Equipe03",41492.8544032073,0.00412686598514401,0.191563438741611,0.107363802997159,0.696945892276086,1,12,"Pauvre",8443.286,519520,1104845.19,0.470219724,12,18,24901,0.336856138106157,1.0763702248234,0.121011412035761,-0.102700020918084,0.896137838052054,-0.32678058542265
"68",521,68,"Ankazatoho Equipe08","Ankazatoho",2394,142626,19151.3316924982,6646.0463440488,24133.4321311543,1585.82666517288,"Ankazatoho Equipe08",51516.6368328741,0.0307828065391279,0.371750426073567,0.129007768220766,0.468458999166539,1,12,"Pauvre",8443.286,519520,1104845.19,0.470219724,12,18,24901,2.23580811896247,-0.408808373924752,0.121011412035761,-0.102700020918084,0.896137838052054,-0.32678058542265
"69",396,69,"Ankerana Equipe01","Ankerana",1425,80344,6822.76104512299,3458.66978105606,18524.0555820192,193.952582940459,"Ankerana Equipe01",28999.4389911387,0.00668814948453743,0.235272173617145,0.119266782440616,0.638772894457702,1,13,"Moyen",11362.024,599441,649755.455,0.922564013,2,3,18268,0.680569052996885,0.903699711575894,0.498851290847487,0.203980917612364,-0.884499684311118,0.290358992405347
"70",402,70,"Ankerana Equipe02","Ankerana",1745,89009,8057.76842650371,4254.34664817798,19647.5513321634,167.83220391348,"Ankerana Equipe02",32127.4986107586,0.00522394245337475,0.250805969183215,0.132420724679553,0.611549363683857,1,13,"Moyen",11362.024,599441,649755.455,0.922564013,2,3,18268,0.696281360251051,0.864404831640824,0.498851290847487,0.203980917612364,-0.884499684311118,0.290358992405347
"71",399,71,"Ankerana Equipe04","Ankerana",1529,77602,2228.3652037076,4198.99588946438,21460.7077930366,122.651799947489,"Ankerana Equipe04",28010.7206861561,0.00437874488563616,0.0795540117898123,0.149906742368813,0.766160500955739,1,13,"Moyen",11362.024,599441,649755.455,0.922564013,2,3,18268,-0.953168705674216,-0.405253139126528,0.498851290847487,0.203980917612364,-0.884499684311118,0.290358992405347
"72",401,72,"Ankerana Equipe05","Ankerana",1448,59690,1351.96892954848,2266.30667704972,17899.2193576326,28.1896084678592,"Ankerana Equipe05",21545.6845726987,0.00130836448351144,0.062748942832924,0.105186106730693,0.830756585952872,1,13,"Moyen",11362.024,599441,649755.455,0.922564013,2,3,18268,-0.831206333389127,0.585487011809629,0.498851290847487,0.203980917612364,-0.884499684311118,0.290358992405347
"73",397,73,"Ankerana Equipe06","Ankerana",1090,61616,5791.32912059738,2517.81010347072,13786.5537829981,145.186402436346,"Ankerana Equipe06",22240.8794095025,0.00652790745200094,0.260391192900538,0.113206409562878,0.619874490084583,1,13,"Moyen",11362.024,599441,649755.455,0.922564013,2,3,18268,0.942829022367527,1.17864607915123,0.498851290847487,0.203980917612364,-0.884499684311118,0.290358992405347
"74",400,74,"Ankerana Equipe07","Ankerana",1560,89267,1519.79357830028,4243.76663939691,26401.6328710408,57.1736589670181,"Ankerana Equipe07",32222.366747705,0.00177434697502753,0.0471657960509223,0.131702511880173,0.819357345093877,1,13,"Moyen",11362.024,599441,649755.455,0.922564013,2,3,18268,-1.15231271944794,-0.0436730276384839,0.498851290847487,0.203980917612364,-0.884499684311118,0.290358992405347
"75",398,75,"Ankerana Equipe09","Ankerana",1318,68611,1768.4822346229,4330.10005980475,18609.7600384274,57.2341385744512,"Ankerana Equipe09",24765.5764714295,0.0023110359914488,0.0714088863089089,0.174843499597117,0.751436578102525,1,13,"Moyen",11362.024,599441,649755.455,0.922564013,2,3,18268,-1.24193488239931,-0.75771453431571,0.498851290847487,0.203980917612364,-0.884499684311118,0.290358992405347
"76",384,76,"Ankerana Equipe10","Ankerana",1247,75955,8289.48126142074,3081.1543678767,15661.0362282553,383.373406518716,"Ankerana Equipe10",27415.0452640714,0.013984051560956,0.302369782051188,0.112389176753054,0.571256989634802,1,13,"Moyen",11362.024,599441,649755.455,0.922564013,2,3,18268,1.44961449459604,0.84325327580533,0.498851290847487,0.203980917612364,-0.884499684311118,0.290358992405347
"77",509,77,"Anosipatrana Equipe04","Anosipatrana",1072,51955,1964.46436713697,2505.15814428622,14228.8970232524,63.1062766853429,"Anosipatrana Equipe04",18761.625811361,0.00336358252316968,0.104706510346635,0.133525642685467,0.758404264444728,1,14,"Pauvre",3317.054,160269,200276.877,0.800237164,1,10,8647,-0.630893759479875,0.133087257332253,1.51912821938949,-1.48125426633546,-0.0535355072083046,-1.41067391614585
"78",512,78,"Anosipatrana Equipe09","Anosipatrana",1128,58964,4455.50988379854,2921.81635097519,13711.1216691911,204.659529240802,"Anosipatrana Equipe09",21293.1074332056,0.00961153884574146,0.209246578864782,0.137218879871838,0.643923002417638,1,14,"Pauvre",3317.054,160269,200276.877,0.800237164,1,10,8647,0.372812647397077,0.17759842684178,1.51912821938949,-1.48125426633546,-0.0535355072083046,-1.41067391614585
"79",513,79,"Anosipatrana Equipe10","Anosipatrana",1118,50480,1640.3657675624,3032.15841174163,13525.145139125,32,"Anosipatrana Equipe10",18229.669318429,0.0017553801685064,0.0899832980461192,0.16633096074191,0.741930361043464,1,14,"Pauvre",3317.054,160269,200276.877,0.800237164,1,10,8647,-1.02649630853088,-0.443324474563183,1.51912821938949,-1.48125426633546,-0.0535355072083046,-1.41067391614585
"80",487,80,"Faravohitra-Analakely Equipe01","Faravohitra-Analakely",1442,80923,1589.60820760365,3189.83475226742,24433.9685247852,1,"Faravohitra-Analakely Equipe01",29214.4114846563,3.42296814887136e-05,0.054411782638118,0.109187027571743,0.83636696010865,1,15,"Riche",6134.63,345791,155817.136,2.219210344,4,9,2643,-0.956027038678496,0.563128124573087,-0.256734606701845,-0.769350497888545,-0.172244675365849,-0.814924087576688
"81",485,81,"Faravohitra-Analakely Equipe02","Faravohitra-Analakely",1708,90356,6552.09382316151,3821.87645663009,21920.6981809413,328.648944967041,"Faravohitra-Analakely Equipe02",32623.3174056999,0.0100740504369926,0.200840820131209,0.117151680471414,0.671933448960384,1,15,"Riche",6134.63,345791,155817.136,2.219210344,4,9,2643,0.45231522841694,0.469532643581828,-0.256734606701845,-0.769350497888545,-0.172244675365849,-0.814924087576688
"82",488,82,"Faravohitra-Analakely Equipe03","Faravohitra-Analakely",1593,86869,5950.67063723338,2800.31931656369,22497.3068342325,115.053624438704,"Faravohitra-Analakely Equipe03",31363.3504124683,0.00366840987731225,0.189733257415883,0.0892863574757129,0.717311975231092,1,15,"Riche",6134.63,345791,155817.136,2.219210344,4,9,2643,0.443632702004052,1.44330647502506,-0.256734606701845,-0.769350497888545,-0.172244675365849,-0.814924087576688
"83",586,83,"Faravohitra-Analakely Equipe04","Faravohitra-Analakely",1399,73589,2302.38446066792,2478.06247925381,21767.2186749491,19.8713983297348,"Faravohitra-Analakely Equipe04",26567.5370132005,0.000747957867523112,0.0866615697015475,0.0932740764799743,0.819316395950955,1,15,"Riche",6134.63,345791,155817.136,2.219210344,4,9,2643,-0.544220245792249,0.995783229405923,-0.256734606701845,-0.769350497888545,-0.172244675365849,-0.814924087576688
"84",494,84,"Isotry-Antetezana Equipe05","Isotry-Antetezana",1013,57622,425.613124462776,2572.58987923876,17803.7909260091,1,"Isotry-Antetezana Equipe05",20802.9939297106,4.80700039320692e-05,0.0204592245664659,0.123664405610609,0.855828299818993,1,16,"Riche",2282.044,127756,136097.686,0.938708098,2,4,10652,-1.35962089013722,0.0891960043640551,3.89652244766949,-1.60601643590842,-0.765790516153574,-1.62951700327726
"85",495,85,"Isotry-Antetezana Equipe07","Isotry-Antetezana",1269,69311,1090.43247679365,2864.20898265024,21068.7756095498,0,"Isotry-Antetezana Equipe07",25023.4170689937,0,0.0435764817325766,0.114461145524336,0.841962372743087,1,16,"Riche",2282.044,127756,136097.686,0.938708098,2,4,10652,-1.09024387794827,0.402646774050992,3.89652244766949,-1.60601643590842,-0.765790516153574,-1.62951700327726
"86",525,86,"Mahamasina Equipe06","Mahamasina",1515,82652,4485.14348750045,4148.11901161401,21090.6266003037,121.309189848602,"Mahamasina Equipe06",29845.1982892668,0.00406461329802014,0.150280237511889,0.138987818791132,0.706667330398959,1,17,"Moyen",6163.348,366789,527641.433,0.695148214,3,5,7528,-0.256842175247424,0.24201389508291,-0.439308605031791,-0.68877485009557,-0.647081347996029,-0.808851937765344
"87",532,87,"Mahamasina Equipe08","Mahamasina",1543,82461,9389.19075124629,5298.177546417,14389.3376170711,701.353687589552,"Mahamasina Equipe08",29778.0596023239,0.0235526994356213,0.315305660497554,0.177922188926088,0.483219451140736,1,17,"Moyen",6163.348,366789,527641.433,0.695148214,3,5,7528,1.25718728158303,-1.0837875672152,-0.439308605031791,-0.68877485009557,-0.647081347996029,-0.808851937765344
"88",533,88,"Mahamasina Equipe09","Mahamasina",1629,96543,10275.9629911696,4397.71140612841,19821.9930956695,366.413591135759,"Mahamasina Equipe09",34862.0810841033,0.0105103763097734,0.294760458114341,0.126145980657871,0.568583184918015,1,17,"Moyen",6163.348,366789,527641.433,0.695148214,3,5,7528,1.22181180153048,0.817527548374885,-0.439308605031791,-0.68877485009557,-0.647081347996029,-0.808851937765344
"89",524,89,"Mahamasina Equipe10","Mahamasina",1476,78323,2224.94018591344,4462.96868273012,21475.1478266565,118.501884476282,"Mahamasina Equipe10",28281.5585797763,0.00419007616366024,0.0786710597875061,0.157804905629264,0.759333958419569,1,17,"Moyen",6163.348,366789,527641.433,0.695148214,3,5,7528,-1.02148181097148,-0.544284070670357,-0.439308605031791,-0.68877485009557,-0.647081347996029,-0.808851937765344
"90",544,90,"Mandroseza Equipe01","Mandroseza",1224,74842,5089.70501460884,3694.41018804972,17954.0550886955,288.570168688893,"Mandroseza Equipe01",27026.740460043,0.0106772094517103,0.188321082304897,0.136694626328011,0.664307081915382,1,18,"Riche",4360.538,285634,1326505.949,0.215328096,4,7,16967,0.211115878633658,-0.021078710678501,-0.539338810825619,-1.000191018142,-0.409663011680939,-1.19003908176528
"91",545,91,"Mandroseza Equipe02","Mandroseza",1385,84623,10181.7809982307,3582.50218870813,16072.7378915571,722.3511971517,"Mandroseza Equipe02",30559.3722756476,0.023637632037597,0.333180305746804,0.117230882767935,0.525951179447664,1,18,"Riche",4360.538,285634,1326505.949,0.215328096,4,7,16967,1.85574549825525,0.159237193341753,-0.539338810825619,-1.000191018142,-0.409663011680939,-1.19003908176528
"92",546,92,"Mandroseza Equipe03","Mandroseza",1752,92334,6449.680085302,4951.42020097973,21164.9428382423,775.938776124443,"Mandroseza Equipe03",33341.9819006485,0.023272125167501,0.193440213137916,0.148504075604559,0.634783586090024,1,18,"Riche",4360.538,285634,1326505.949,0.215328096,4,7,16967,0.392324545513002,-1.22349929559851,-0.539338810825619,-1.000191018142,-0.409663011680939,-1.19003908176528
"93",124,93,"Soavimasoandro Equipe01","Soavimasoandro",1664,80000,4545.74175311815,5396.29951499901,18687.1196915492,238.423084907234,"Soavimasoandro Equipe01",28867.5840445736,0.00825919774024358,0.157468728456777,0.18693284157991,0.647339232223069,1,19,"Riche",13854.753,685235,4722367.687,0.145104118,2,10,32838,-0.467051272454695,-0.95625664673732,-0.934781914890156,0.533198325305978,-0.0535355072083046,0.817422991537714
"94",126,94,"Soavimasoandro Equipe02","Soavimasoandro",1489,77116,3088.45161083863,5013.7306543904,19557.730482731,166.09121883288,"Soavimasoandro Equipe02",27826.0039667929,0.0059689209787755,0.110991560790559,0.180181482773226,0.70285803545744,1,19,"Riche",13854.753,685235,4722367.687,0.145104118,2,10,32838,-0.867691159973406,-0.918765130853227,-0.934781914890156,0.533198325305978,-0.0535355072083046,0.817422991537714
"95",115,95,"Soavimasoandro Equipe03","Soavimasoandro",1743,85315,5299.20053991718,5541.41291365997,19755.8685765103,188.445147874208,"Soavimasoandro Equipe03",30784.9271779617,0.0061213446042878,0.172136205139728,0.180004093614584,0.6417383566414,1,19,"Riche",13854.753,685235,4722367.687,0.145104118,2,10,32838,-0.325336206581188,-0.567871232049658,-0.934781914890156,0.533198325305978,-0.0535355072083046,0.817422991537714
"96",121,96,"Soavimasoandro Equipe04","Soavimasoandro",1803,100436,6140.13760636725,6444.83841519883,23360.0270399902,296.830621939763,"Soavimasoandro Equipe04",36241.833683496,0.00819027603658297,0.169421273216741,0.177828706777983,0.644559743968693,1,19,"Riche",13854.753,685235,4722367.687,0.145104118,2,10,32838,-0.297066214868758,-0.708695666669675,-0.934781914890156,0.533198325305978,-0.0535355072083046,0.817422991537714
"97",125,97,"Soavimasoandro Equipe05","Soavimasoandro",1319,73379,3249.01019685987,4488.18556560096,18589.2883145557,151.947817395907,"Soavimasoandro Equipe05",26478.4318944124,0.00573855045502039,0.122704026047157,0.169503450336425,0.702053973161397,1,19,"Riche",13854.753,685235,4722367.687,0.145104118,2,10,32838,-0.691259735996433,-0.62998810786971,-0.934781914890156,0.533198325305978,-0.0535355072083046,0.817422991537714
"98",120,98,"Soavimasoandro Equipe06","Soavimasoandro",1335,77267,3690.38888780507,5601.5551826192,18335.9235120948,252.795532508055,"Soavimasoandro Equipe06",27880.6631150271,0.00906705595434002,0.132363741586046,0.200911834826485,0.657657367633128,1,19,"Riche",13854.753,685235,4722367.687,0.145104118,2,10,32838,-0.775154775849146,-1.43239200385117,-0.934781914890156,0.533198325305978,-0.0535355072083046,0.817422991537714
"99",122,99,"Soavimasoandro Equipe07","Soavimasoandro",862,48267,1479.67978335838,2243.61112486967,13673.3117195022,19.3245579004288,"Soavimasoandro Equipe07",17415.9271856306,0.0011095911055699,0.0849612982178302,0.12882524719791,0.78510386347869,1,19,"Riche",13854.753,685235,4722367.687,0.145104118,2,10,32838,-0.810374510291602,0.286275751800069,-0.934781914890156,0.533198325305978,-0.0535355072083046,0.817422991537714
"100",123,100,"Soavimasoandro Equipe08","Soavimasoandro",1383,72200,4175.28616169066,3634.96988531857,18023.9105466339,217.332228584215,"Soavimasoandro Equipe08",26051.4988222274,0.00834240786172291,0.160270477725,0.139530163317021,0.691856951096256,1,19,"Riche",13854.753,685235,4722367.687,0.145104118,2,10,32838,-0.0975109778165082,-0.0524099027272171,-0.934781914890156,0.533198325305978,-0.0535355072083046,0.817422991537714
"101",116,101,"Soavimasoandro Equipe09","Soavimasoandro",1256,66364,2098.52833125223,4382.37726878078,17399.7412052113,66.0356862545013,"Soavimasoandro Equipe09",23946.6824914988,0.00275761313818498,0.0876333634939711,0.183005611334119,0.726603412033725,1,19,"Riche",13854.753,685235,4722367.687,0.145104118,2,10,32838,-1.15034572458674,-0.851996715616548,-0.934781914890156,0.533198325305978,-0.0535355072083046,0.817422991537714
"102",117,102,"Soavimasoandro Equipe10","Soavimasoandro",1002,50047,1240.69022859394,2907.24871709503,13837.9247818116,72.8829363286495,"Soavimasoandro Equipe10",18058.7466638293,0.00403588010205771,0.0687030086688674,0.160988399207023,0.766272712022052,1,19,"Riche",13854.753,685235,4722367.687,0.145104118,2,10,32838,-1.13502855581632,-0.650614192418525,-0.934781914890156,0.533198325305978,-0.0535355072083046,0.817422991537714
