"","compact_ur","industrial","ricefield","sparse_urb","water","name_transect","id_transect","sum","p_water","p_ricefield","p_industrial","p_sparse","p_compact","sum_check"
"1",10074.0914997249,11480.3276014034,4607.20463363351,7436.47959961278,679.771388913654,"Ambatomaro Equipe01",1,34278.8747232882,0.0198306214658743,0.134403613619892,0.334909698584823,0.216940598536061,0.293886295307144,0.999970827513795
"2",5531.37842037749,12632.5841319525,4524.21116478471,7685.87851950477,550.223204927519,"Ambatomaro Equipe02",2,30926.275441547,0.0177914474689163,0.146290204694574,0.408474151885153,0.248522604476949,0.178856921546605,0.999935330072198
"3",8374.05497030604,8550.20078911632,2154.12491154587,6493.90995312649,241.460993375273,"Ambatomaro Equipe03",3,25816.75161747,0.00935288052319789,0.0834390377017143,0.331188095071204,0.251538615289311,0.324365167794363,0.99988379637979
"4",4783.10150030202,8362.82308899988,5039.32104898122,7397.68595044781,548.071285694838,"Ambatomaro Equipe04",4,26135.0028744258,0.0209707757955194,0.192818844260102,0.319985543111735,0.283056634276737,0.183015151109185,0.999846948553279
"5",8671.97072637476,8102.08495149305,3912.23926180005,6378.74001441633,559.839033594413,"Ambatomaro Equipe05",5,27629.8739876786,0.0202620914537674,0.141594538706354,0.293236406185064,0.230863883681152,0.313862116426661,0.999819036452999
"6",6183.66440133345,7270.95613188542,9963.213949864,7240.40915029427,876.490728929755,"Ambatomaro Equipe06",6,31540.7343623069,0.0277891668234972,0.315884019548088,0.230525898616193,0.229557405579846,0.196053279238904,0.999809769806528
"7",7905.83587262345,8317.25073271462,5288.58153640678,7794.16408901063,695.080145064545,"Ambatomaro Equipe07",7,30007.91237582,0.0231632289630595,0.176239568756814,0.277168589022425,0.259736965084284,0.263458376364557,0.999766728191141
"8",7106.10255029096,8218.16492346831,4860.18690336692,7512.62295726559,549.130781787448,"Ambatomaro Equipe08",8,28254.2081161792,0.0194353626733923,0.172016390740175,0.290865165630402,0.265893948482797,0.251505988809567,0.999716856336334
"9",4691.21920124405,6757.86789232834,5065.87126410291,6716.23057989464,641.647243174026,"Ambatomaro Equipe09",9,23881.836180744,0.0268675841471264,0.212122352140894,0.282971034604837,0.281227562615556,0.196434611046642,0.999623144555055
"10",2960.81693838627,8245.28908007392,5511.34394102713,6487.91386372477,616.286006228067,"Ambatomaro Equipe10",10,23831.6498294402,0.0258599807667006,0.231261535834533,0.345980624047614,0.272239392159497,0.124238857132277,0.999580389940622
"11",8972.84528621685,3674.11092051823,4950.57357057349,6210.23336543587,285.256924360641,"Ambodimita Equipe02",11,24104.0200671051,0.0118344128309922,0.20538373087938,0.152427309232634,0.257643054899005,0.372255136746345,0.999543644588356
"12",6206.32554134712,3353.75929854283,1770.82290907844,3745.64018428064,222.495651375502,"Ambodimita Equipe03",12,15311.0435846245,0.014531710405353,0.115656578161447,0.219041849107575,0.244636504597377,0.405349609714361,0.999216251986112
"13",6040.13974382252,4831.00693740047,4472.82441884809,4838.43392727624,556.479793498293,"Ambodimita Equipe04",13,20751.8848208456,0.0268158674887834,0.215538224959454,0.232798465253028,0.233156359966684,0.291064633211297,0.999373550879246
"14",7356.36513022881,3068.23529695543,1254.20312121382,3511.29050563524,156.019066506997,"Ambodimita Equipe05",14,15360.1131205403,0.0101574165035517,0.0816532476923391,0.19975343103772,0.228597958757202,0.478926494388347,0.99908854837916
"15",10333.8109127788,3130.73682979494,1674.59422097533,4567.21353826763,93.7093852128601,"Ambodimita Equipe06",15,19815.0648870296,0.00472919900828584,0.0845111651424102,0.157997808619049,0.230491979930745,0.521512847507407,0.999243000207896
"16",5719.49853898055,2137.01579421669,1511.52447875893,2409.9368408648,65.9374381843954,"Ambodimita Equipe07",16,11859.9130910054,0.00555968982895859,0.127448191834161,0.180188149594234,0.203200210859261,0.482254675484785,0.9986509176014
"17",6949.96919799861,3292.15046743903,1454.69274443188,3503.55691363609,182,"Ambodimita Equipe08",17,15399.3693235056,0.0118186658282294,0.0944644364241228,0.213784759510501,0.227513013035427,0.451315183888094,0.998896058686374
"18",8657.36964608034,3934.89857328299,5146.03909704399,4588.45470234667,470.730626408476,"Ambodimita Equipe09",18,22815.4926451625,0.0206320605796029,0.225550207355926,0.172466079715237,0.201111357694902,0.379451357054784,0.999211062400451
"19",9036.43067857522,4080.63856574728,647.649516311227,3328.52684899705,39.4909024834633,"Ambodivona Equipe02",19,17151.7365121142,0.00230244339723683,0.0377599968291137,0.23791401896042,0.194063548413662,0.526852232844925,0.998892240445358
"20",14178.3165919097,4997.39457005014,753.795496949584,5015.69968716872,48.9594674259424,"Ambodivona Equipe04",20,25014.1658135041,0.00195726964436733,0.0301347445511312,0.199782579491508,0.200514369520208,0.566811489842105,0.99920045304932
"21",6794.72496119014,4422.62227935786,1215.35827491072,3526.93588335262,202.654551761691,"Ambohimanandray Equipe01",21,16183.295950573,0.012522452310125,0.0750995519468134,0.27328316140701,0.217936809295497,0.419860390735149,0.998702365694594
"22",7466.92572205071,4817.13888923438,2153.83405116358,4675.37123548635,417.820512883896,"Ambohimanandray Equipe10",22,19553.0904108189,0.021368515365362,0.110153126994792,0.246362021962984,0.2391116256947,0.381879568148428,0.998874858166266
"23",7133.41922275412,7674.33383242929,2332.52251298598,4595.32031554554,466.483000826789,"Ambohimiandra Equipe04",23,22225.0788845417,0.0209890369006179,0.1049500217796,0.345300634130349,0.206762834877573,0.320962605343806,0.998965133031946
"24",8301.38062072519,7629.26526156757,2980.46567388129,5586.20860283385,457.171037454158,"Ambohimiandra Equipe05",24,24978.491196462,0.0183025881690929,0.11932128527857,0.305433390734512,0.223640753914915,0.332341155253644,0.999039173350735
"25",8036.48446105552,8644.85779297512,5197.14009947445,6430.30500448921,873.621726350859,"Ambohimiandra Equipe06",25,29207.4090843452,0.0299109627912566,0.177939100468177,0.29598167259583,0.220160062329383,0.275152254616209,0.999144052800856
"26",7594.60403381035,9824.42004048808,4814.27021199323,6572.95276235307,842.081938269912,"Ambohimiandra Equipe07",26,29674.3289869146,0.0283774550939717,0.162236868578095,0.331074715954666,0.221502995577474,0.255931786601116,0.999123821805323
"27",7158.94470464684,5457.12432699626,6996.04833347934,6363.08742156266,701.595899324238,"Ambohimiandra Equipe08",27,26703.8006860093,0.0262732600341725,0.261986988883748,0.20435758906242,0.238283961761908,0.268087108229412,0.99898890797166
"28",9140.63660890505,9810.1093279603,3889.9488343132,7366.1913493561,661.88606289681,"Ambohimiandra Equipe09",28,30896.7721834315,0.02142249873117,0.12590146346741,0.317512433652245,0.238412974197552,0.295844386418034,0.999093756466411
"29",10757.9172621312,6225.16465705301,7922.84456520711,9067.93174776401,780.517341246828,"Ambohimiandra Equipe10",29,34783.3755734022,0.0224393788233614,0.227776759288005,0.178969538017271,0.260697289963369,0.309283302289887,0.999166268381894
"30",14596.1227837473,6041.65028263333,2928.7952366984,6777.03457962544,261.458142980933,"Ampandrana Equipe01",30,30635.0610256854,0.00853460493392583,0.0956027224572136,0.1972135873197,0.221218249702306,0.476451565463161,0.999020729876306
"31",13492.3482882923,5662.60069524424,4429.23674386699,6702.14341317248,403.461210586131,"Ampandrana Equipe02",31,30720.7903511621,0.0131331650642532,0.144177174260084,0.184324707486897,0.218163118089146,0.439192746477692,0.998990911378072
"32",14204.5017329753,4895.48613006662,1400.78152721007,4921.95286894859,79.0884303599596,"Ampandrana Equipe03",32,25533.8106895605,0.00309740020091458,0.0548598696935893,0.191725637414087,0.192762174388679,0.556301678025004,0.998746759722274
"33",9657.96871294365,5260.52001177854,3541.33550790047,5345.92069144088,409.402083197143,"Ampandrana Equipe04",33,24248.1470072607,0.0168838502618181,0.14604561358194,0.216945237514577,0.220467184145664,0.398297185762349,0.998639071266348
"34",9595.26211810878,13335.9094770664,8704.26284261521,10403.5729304776,1808.54006657338,"Analamahitsy Equipe01",34,43881.5474348414,0.0412141360616062,0.198358156250983,0.303907000929458,0.237083091609876,0.218662801997959,0.999225186849883
"35",10214.6402813027,8540.23703265985,6028.68595391864,7942.37979167189,485.085863432819,"Analamahitsy Equipe02",35,33246.0289229859,0.0145907911154297,0.181335520337904,0.25687991346104,0.238897096855397,0.307243920919542,0.998947242689312
"36",14663.3395728208,6259.10648844336,2592.96206414074,7034.51270051176,313.576808582788,"Analamahitsy Equipe03",36,30899.4976344995,0.0101482817711793,0.083915994195507,0.20256337376356,0.227657833914351,0.474549448870299,0.998834932514896
"37",10852.2217643736,6512.19183742675,2287.35429817614,6055.80838559334,307.568053127965,"Analamahitsy Equipe04",37,26052.1443386978,0.0118058632383325,0.0877990797394176,0.249967593944025,0.232449517662086,0.416557716834607,0.998579771418469
"38",14687.4496053856,7460.43222714,2391.82914221282,7678.40246446269,225.810285087675,"Analamahitsy Equipe05",38,32481.9237242888,0.0069518753570258,0.0736356985046515,0.229679506991803,0.236390015863533,0.452173021833768,0.998830118550781
"39",13463.5832128871,6057.61510269363,1459.014726194,5904.23829640426,171.920588314533,"Analamahitsy Equipe06",39,27095.3719264935,0.00634501673499567,0.0538473777053931,0.223566412711633,0.217905785254461,0.496896047391863,0.998560639798346
"40",7858.91001247005,4457.60697927795,2000.73269669234,4787.38137695791,182.707913795719,"Analamahitsy Equipe07",40,19327.338979194,0.009453340368915,0.103518270096372,0.230637388006523,0.247699974741042,0.406621419582397,0.997930392795249
"41",11585.7830045661,7913.67877529058,2940.089146778,6536.21376128019,303.746292058706,"Analamahitsy Equipe08",41,29320.5109799735,0.0103595156396207,0.100274144225731,0.269902485011116,0.222922914465732,0.395142602135391,0.998601661477591
"42",13048.6875167156,5576.23865247597,747.177554165886,4573.63543763338,82.9107850492001,"Analamahitsy Equipe09",42,24070.64994604,0.00344447637413464,0.0310410211540136,0.231661324682815,0.190008805241497,0.542099508985726,0.998255136438187
"43",11355.2815490796,5360.5598463596,2047.03358975006,5726.44625181943,220.30751459673,"Analamahitsy Equipe10",43,24752.6287516054,0.00890036839349605,0.0826996441586955,0.21656527474933,0.231346993860118,0.458750529611652,0.998262810773292
"44",11946.6834923742,5657.43917929415,2194.99071380534,5118.46541544698,246.302769489586,"Andavamamba Equipe05",44,25207.8815704103,0.00977086348178911,0.0870755722837846,0.224431361417336,0.203050200833028,0.473926516157453,0.998254514173391
"45",10245.1853770427,5473.72091709628,4506.78572867793,7054.48031884342,295.815861029201,"Andavamamba Equipe06",45,27620.9882026895,0.0107098217796711,0.163165260258107,0.19817252289921,0.255402893881853,0.370920305307725,0.998370804126566
"46",10436.7867724418,5514.68452544795,2736.0224723143,5401.31306750392,344.789111506543,"Andavamamba Equipe07",46,24479.5959492145,0.014084755002568,0.111767468629403,0.225276778950467,0.22064551550236,0.426346365932428,0.998120884017227
"47",13145.0545955742,9811.85366604858,3378.79300148325,7061.73860575388,324.665381558938,"Andraharo Equipe05",47,33769.1052504188,0.00961427254738741,0.100055745523235,0.29055711110163,0.209118321417956,0.389262744692093,0.998608195282301
"48",4551.82609489274,6031.65164006913,5399.51837625022,3977.54703056731,525.247327420861,"Andraharo Equipe07",48,20533.7904692003,0.0255796575020432,0.26295770302854,0.293742728558389,0.193707393505035,0.221674907110807,0.997662389704814
"49",7261.93852760179,6505.72395155309,12360.0299470663,6398.8486005572,1246.55931334104,"Andraharo Equipe08",49,33822.1003401195,0.0368563543010482,0.365442412587399,0.192351269913183,0.189191343417752,0.214709862917288,0.99855124313667
"50",17187.1779624647,11154.4368584746,12987.6938568969,14864.6025407846,840.124288661675,"Andraisoro Equipe01",50,57084.0355072824,0.0147173247510593,0.227518845531514,0.19540378950699,0.260398593208924,0.301085545367094,0.999124098365582
"51",13896.8502427858,11045.1121481079,4862.02424720793,9453.79846301134,581.79826622433,"Andraisoro Equipe02",51,39890.5833673373,0.014584852291248,0.121884009627921,0.276885199857763,0.236993236623162,0.348374204378385,0.998721502778479
"52",12345.3550710576,11031.1492617102,3481.01949519093,7314.45777463546,721.030098250601,"Andraisoro Equipe03",52,34945.0117008448,0.0206332767727524,0.0996142031655628,0.315671643098735,0.20931335886371,0.353279465943323,0.998511947844083
"53",8760.43012483416,7858.86559226342,4263.36383960602,7225.46023902379,639.134770702354,"Andraisoro Equipe04",53,28800.2545664297,0.0221919833808464,0.14803215818014,0.272874865537609,0.250881818504686,0.304178912885219,0.9981597384885
"54",8629.38944953271,6156.13914188964,2597.22296505258,4847.82634938868,404.626059681177,"Andraisoro Equipe05",54,22689.2039655448,0.017833418056254,0.11446954987917,0.271324597867699,0.213662249092143,0.380330198566555,0.997620013461821
"55",10179.8809182229,6781.77249709428,4606.05960661684,7593.8918712633,562.042703781393,"Andraisoro Equipe06",55,29778.6475969788,0.0188740170939938,0.154676588035655,0.227739438972451,0.255011307902168,0.341851687020728,0.998153039024996
"56",11153.1161962642,8584.76658571612,2959.95256375225,6380.0358831272,274.590466976631,"Andraisoro Equipe07",56,29408.4616958364,0.00933712445814557,0.100649690363482,0.291914846635162,0.216945583523346,0.379248541172192,0.998095786152326
"57",13812.4598191108,8061.67921086544,4628.08199359063,8828.00548842921,485.662712447291,"Andraisoro Equipe08",57,35872.8892244434,0.0135384331440013,0.129013360608744,0.22472901918846,0.246091287300436,0.385038956095546,0.998411056337186
"58",14206.4201615308,9677.34072588029,2344.35159323354,6924.35219074541,405.516119392501,"Andraisoro Equipe09",58,33615.9807907826,0.0120631946429388,0.0697391995736848,0.287879172293369,0.205983940609701,0.422609123022411,0.998274630142105
"59",13269.634663979,8527.35065521356,5322.83469797085,8895.80736545175,575.765184459742,"Andraisoro Equipe10",59,36650.3925670749,0.015709659409678,0.145232678974158,0.232667375652455,0.242720657061757,0.362059823498312,0.99839019459636
"60",8406.22654782989,3595.25951181151,1008.29730199464,3481.4786503869,79.9352888828143,"Anjanahary Equipe01",60,16631.1973009058,0.00480634601565703,0.0606268619000583,0.216175627452613,0.209334216135918,0.505449270773312,0.996392322277559
"61",7491.45517951971,2858.37899835981,520.180498119851,2908.55999507453,56.5510205775499,"Anjanahary Equipe03",61,13896.1256916515,0.00406955304178954,0.0374334911515925,0.205696109965174,0.209307260139561,0.539103872960824,0.995610287258941
"62",7317.52170962718,3106.45229785844,671.246923873114,2956.36602473666,61.6385516226292,"Anjanahary Equipe06",62,14175.225507718,0.00434832952668503,0.0473535270043949,0.219146587556372,0.208558659128703,0.516219068659118,0.995626171875273
"63",7179.77014505803,2876.29279698337,648.254251978884,2818.7844736074,46.7920225262642,"Anjanahary Equipe09",63,13632.893690154,0.00343228837470204,0.0475507450371355,0.210981825455054,0.206763474994543,0.526650490221563,0.995378824082997
"64",8177.5991679008,2631.15611294443,1005.22739571054,3783.24372205904,60.7466917335987,"Anjanahary Equipe10",64,15721.9730903484,0.00386380840270555,0.0639377379629047,0.167355337515472,0.240634155796994,0.520138224439588,0.995929264117664
"65",13681.4892749892,7610.74352300841,8669.75433759189,11070.9048005474,686.820619051337,"Ankazatoho Equipe01",65,41784.7125551883,0.0164371268114912,0.207486274463204,0.182141818325454,0.264951081951927,0.327428105600081,0.998444407152158
"66",8791.86441338753,15379.3283781572,7571.84251839989,8388.03615960982,2926.62836903858,"Ankazatoho Equipe02",66,43123.699838593,0.0678658923049879,0.175584250580085,0.356632859326084,0.194511050559327,0.203875466304943,0.998469519075427
"67",16052.8767283333,8568.8164762541,6388.63077073087,10149.287246364,333.243181525031,"Ankazatoho Equipe03",67,41559.8544032073,0.00801839145758205,0.153721201926007,0.206180137040923,0.244208922098167,0.386259214784315,0.998387867306993
"68",12054.9160793846,11803.3519073476,14291.4446003112,12112.4578042818,1254.46644154884,"Ankazatoho Equipe08",68,51584.6368328741,0.0243186056657354,0.277048467872579,0.228815256480114,0.234807464934264,0.233691983108083,0.998681778060776
"69",8896.89373708201,6704.38191546923,5245.41738924648,7667.15529389292,485.590655448083,"Ankerana Equipe01",69,29068.4389911387,0.0167050819480231,0.180450604548992,0.230641277899821,0.263762195700643,0.306067131427118,0.997626291524597
"70",9608.38484821404,7765.40356313717,5641.58686487891,8644.74836837808,467.374966150383,"Ankerana Equipe02",70,32197.4986107586,0.0145158781370119,0.175218172476101,0.241180336926621,0.268491303404839,0.298420227122968,0.997825918067542
"71",12721.551506556,7266.79371494774,1970.04982155372,5814.25348978511,238.072153313551,"Ankerana Equipe04",71,28081.7206861561,0.00847783353357393,0.0701541705214997,0.258773092865715,0.207047622001719,0.453018945980313,0.99747166490282
"72",11723.2847262263,3917.60884606119,1116.18628283629,4664.28478289563,124.319934679312,"Ankerana Equipe05",72,21617.6845726987,0.00575084414157459,0.0516330173605151,0.181222407649004,0.215762459074189,0.542300665309539,0.996669393534822
"73",6930.86312467623,4972.36058532132,4412.35392514672,5420.36082535017,504.940949008102,"Ankerana Equipe06",73,22313.8794095025,0.0226290077015057,0.197740332112205,0.222837118282704,0.242914319194621,0.31060771627746,0.996728493568496
"74",17388.6187234354,6872.11829974624,1284.64480241074,6534.33965227166,142.645269840956,"Ankerana Equipe07",74,32296.366747705,0.0044167590415133,0.0397767591768515,0.212783015297985,0.202324295587707,0.53840789149049,0.997708720594546
"75",11122.9192770254,6944.78998084981,1361.67576424925,5183.08166308423,153.109786220826,"Ankerana Equipe09",75,24840.5764714295,0.00616369698170757,0.0548165927556227,0.279574428912203,0.208653839778862,0.447772187969086,0.996980746397481
"76",6710.06369916796,7229.74065877552,6536.17330842086,6094.1120851072,844.955512599892,"Ankerana Equipe10",76,27491.0452640714,0.0307356633581401,0.237756449259611,0.262985295369042,0.221676259544475,0.244081795898007,0.997235463429274
"77",8657.55819625245,4292.70879333111,1608.30020601695,4016.25514199845,186.803473762004,"Anosipatrana Equipe04",77,18838.625811361,0.00991598196346936,0.0853724800376384,0.227867405845617,0.213192574777741,0.459564210412383,0.995912653036849
"78",7699.98692681734,5082.30411757802,3368.50667636242,4798.94350620141,343.366206246428,"Anosipatrana Equipe09",78,21371.1074332056,0.0160668419883997,0.157619659481406,0.237811921233493,0.224552869859472,0.360298919973299,0.996350212536071
"79",7430.35217863983,4930.61821904533,1369.787607048,4322.35816610609,176.553147589788,"Anosipatrana Equipe10",79,18308.669318429,0.00964314470479151,0.0748163388187478,0.269305110780623,0.236082595131876,0.405837914782842,0.995685104218881
"80",16807.8281956492,5586.35008560883,1075.05928685411,5713.98108121319,31.1928353309631,"Faravohitra-Analakely Equipe01",80,29294.4114846563,0.00106480498327475,0.0366984428896004,0.190696784898199,0.195053622572552,0.573755448354125,0.997269103697751
"81",13906.3868373934,6385.96699666564,4455.62599376866,7457.21461388061,418.122963991616,"Faravohitra-Analakely Equipe02",81,32704.3174056999,0.0127849469782465,0.136239687821526,0.19526372978366,0.228019271014686,0.425215627187183,0.997523262785302
"82",14706.0905995566,5008.39762283607,3362.30077989935,8108.15769632258,178.403713853681,"Faravohitra-Analakely Equipe03",82,31445.3504124683,0.0056734528797918,0.106925212656119,0.159273073988395,0.257849176109281,0.467671385647067,0.997392301280653
"83",15381.2390449317,4201.7408654853,1424.45440144581,5515.76200633676,44.3406950009521,"Faravohitra-Analakely Equipe04",83,26650.5370132005,0.00166378242130691,0.053449369547047,0.157660645389776,0.206966261265381,0.577145557604077,0.996885616227587
"84",12952.2665984553,4246.00493713023,315.441161355469,3275.06179254777,14.2194402217865,"Isotry-Antetezana Equipe05",84,20886.9939297106,0.000680779640652843,0.0151022766807421,0.203284634994341,0.156799097254927,0.620111570005843,0.995978358576506
"85",15215.0595618524,4687.33591960854,741.155847634887,4364.57422606744,15.2915138304234,"Isotry-Antetezana Equipe07",85,25108.4170689937,0.000609019429158153,0.0295182227377503,0.186683848158509,0.173829127263353,0.605974463465538,0.996614681054308
"86",11977.4554859634,7008.60034084666,3350.47792300697,7165.40179372616,343.262745723594,"Mahamasina Equipe06",86,29931.1982892668,0.011468393026105,0.111939317986091,0.234157024824493,0.239395754372308,0.400166253626353,0.99712674383535
"87",5906.06593933223,9549.47278155776,6916.18082929238,6507.77541562122,898.564636520343,"Mahamasina Equipe08",87,29865.0596023239,0.0300874884726639,0.231581015453731,0.319754017193211,0.217905991224435,0.197758384479255,0.997086896823296
"88",9587.76753768575,8179.35635919153,7168.42136952262,9251.17683696111,675.358980742283,"Mahamasina Equipe09",88,34950.0810841033,0.0193235311562543,0.205104570495063,0.234029681920018,0.264696863354887,0.274327476225703,0.997482123151925
"89",12353.7672959122,7440.90336105631,1983.70923776013,6270.070791551,233.107893496752,"Mahamasina Equipe10",89,28370.5585797763,0.00821654225951407,0.0699214022234371,0.262275532578357,0.221006251037318,0.435443216994621,0.996862945093247
"90",9983.04287341721,6677.44658061733,4175.67255963865,5769.01407424369,421.564372126115,"Mandroseza Equipe01",90,27116.740460043,0.0155462775014312,0.15398873495845,0.24624812817959,0.212747327900433,0.368150548482308,0.996681017022211
"91",6695.09436389562,7092.61119937987,7629.66353788312,8243.60836853232,898.394805956632,"Mandroseza Equipe02",91,30650.3722756476,0.0293110569058382,0.248925640095571,0.231403753781324,0.268956223252207,0.218434357132263,0.997031031167204
"92",10145.0314046782,9030.05998360857,5339.92128859547,7905.75344581044,921.215777955789,"Mandroseza Equipe03",92,33433.9819006485,0.0275532774018138,0.159715384917759,0.270086285577412,0.236458626714071,0.303434734002816,0.997248308613871
"93",7790.06618851991,9973.59051375014,4070.66233487318,6483.12611330535,550.138894125004,"Soavimasoandro Equipe01",93,28960.5840445736,0.0189961256747543,0.140558710024907,0.344384992319204,0.223860337323553,0.26898857345315,0.996788738795569
"94",9689.37094166933,8557.88083428658,3083.65132415222,6143.41810481115,351.682761873584,"Soavimasoandro Equipe02",94,27920.0039667929,0.0125960856700402,0.110445948640259,0.306514312980222,0.220036433809892,0.347040457200276,0.996633238300689
"95",9279.68814238845,9824.28239657364,4464.2211716754,6722.64229708911,494.09317023505,"Soavimasoandro Equipe03",95,30879.9271779617,0.0160004642299699,0.144567088709374,0.318144610249762,0.217702660318672,0.300508744366832,0.99692356787461
"96",11426.2585322669,10635.1476729455,5099.95958321898,8562.20044968411,518.267445380478,"Soavimasoandro Equipe04",96,36337.833683496,0.014262475025193,0.140348476126558,0.292674234946918,0.235627707591521,0.314445231705062,0.997358125395252
"97",9593.41120651907,7522.27214823358,2569.38049943227,6468.66574993664,324.702290290879,"Soavimasoandro Equipe05",97,26575.4318944124,0.0122181378493099,0.0966825491168212,0.283053618022861,0.243407737478641,0.360987969814937,0.99635001228257
"98",10497.8836287983,8759.04096272546,2939.28607482269,5326.55258590877,357.899862771916,"Soavimasoandro Equipe06",98,27978.6631150271,0.0127918857774048,0.105054557565477,0.313061454248722,0.190379095813478,0.375210337450324,0.996497330855406
"99",8010.49750347062,4077.31719920457,1444.38161197315,3772.32576013789,111.405110844411,"Soavimasoandro Equipe07",99,17514.9271856306,0.00636058087274313,0.0824657503091493,0.232790987709594,0.21537775864879,0.457352600931306,0.994347678471583
"100",9335.47505898148,7103.49120616649,3778.55889538492,5457.46154148114,376.51212021336,"Soavimasoandro Equipe08",100,26151.4988222274,0.0143973438299966,0.144487278571328,0.271628454432176,0.208686376967525,0.356976673591145,0.996176127392171
"101",9125.21277381877,7560.53857086058,2082.42789351764,4978.81268543494,199.690567866899,"Soavimasoandro Equipe09",101,24047.6824914988,0.0083039423003648,0.0865957829513846,0.314397804176487,0.207039189210645,0.379463292441783,0.995800011080664
"102",7481.65139888946,5372.5649516433,1352.14960973425,3715.91151208555,136.469191476703,"Soavimasoandro Equipe10",102,18160.7466638293,0.00751451435355949,0.0744545163678386,0.295833924182414,0.204612265171152,0.411968270764476,0.99438349083944
