"compact_ur","industrial","ricefield","sparse_urb","water","fkt","sum","p_water","p_ricefield","p_industrial","p_sparse","p_compact","sum_check","urban_index1","urban_index2"
15901.4591933056,5968.04319494613,550.794952673838,5062.07116131127,33,"67ha Afovoany Andrefana",27515.3685022368,0.00119932974902071,0.0200177203743087,0.216898537792106,0.183972501073346,0.577911911011219,1,-2.03409931557079,-0.743040138757346
28864.4176623604,10054.9696931449,1260.66366359008,8949.08110612939,131,"67ha Atsimo",49260.1321252248,0.00265935137297203,0.0255919667528567,0.204119827928679,0.181669855926895,0.585958998018598,1,-1.98243414064343,-0.879264105199721
28484.8326039649,13782.3897835282,1948.31683185254,10107.0031062336,255,"67ha Avaratra Andrefana",54577.5423255793,0.00467225142676472,0.0356981415584814,0.252528589530656,0.185186116405551,0.521914901078547,1,-1.8513917453109,-0.568539060776066
37686.0183445246,18388.7694114706,1885.24572064215,14041.6990594349,160,"67ha Avaratra Atsinanana",72161.7325360723,0.00221724166503374,0.0261252835039646,0.254827160673815,0.194586501265276,0.522243812891911,1,-1.87723751993136,-0.284962792469043
79006.5095353339,87491.3608273312,110098.081196464,90794.3893808011,11236.1522922684,"Alarobia Amboniloha",378626.493232199,0.0296760857813973,0.290782824668702,0.231075644180229,0.239799356367596,0.208666089002076,1,1.25561183402279,0.731769465547115
16660.0690597757,5149.86801293478,1100.77823535468,5552.26410186832,39,"Ambalavao Isotry",28501.9794099335,0.00136832601831183,0.0386211153801842,0.180684574178731,0.194802754644235,0.584523229778538,1,-1.74943546194879,-0.610372203261395
11514.2872148624,5483.07736962396,3645.73508283732,7142.88678261723,308.407328408211,"Ambanin'ampamarinana",28094.3937783491,0.010977539890748,0.129767351863876,0.195166246080365,0.254245983699491,0.40984287846552,1,-0.242732684168825,1.01406513744418
36931.7320738068,41982.6835290704,193804.189458877,129695.117798352,4423.34215221182,"Ambaravarankazo",406837.065012318,0.0108725151482397,0.476368074902441,0.103192867955134,0.318788844360641,0.0907776976335442,1,3.41178728343564,2.68305326303054
116007.677532272,125596.494094402,131574.302584528,135108.401263392,14677.4556512283,"Ambatobe",522964.331125824,0.0280658828483217,0.251593263160565,0.240162639436654,0.258351082898015,0.221827131656444,1,1.07552604090891,1.24647994953114
21982.3339241192,8768.98045726668,2465.35305901656,8803.29573162234,229.620086685318,"Ambatokaranana",42249.5832587101,0.00543484855884299,0.0583521272605287,0.207551880537399,0.208364084391471,0.520297059251759,1,-1.39722711909285,-0.152963932463934
60871.9136499964,46675.1175836536,41464.415356586,47094.8468478592,3382.36408677965,"Ambatolampy",199488.657524875,0.0169551699266806,0.207853498394593,0.233973791606841,0.23607781731644,0.305139722755446,1,0.319296781456444,0.725000692457809
44976.4117770367,23519.9893539524,6844.70869147853,23599.9096009363,592.817362975329,"Ambatomainty",99533.8367863793,0.00595593802183714,0.0687676564319401,0.236301443944448,0.237104389450863,0.451870572150912,1,-1.02710967857106,0.754827654486888
146838.18798657,227624.703303085,241897.530332436,219077.419457555,37433.7146514795,"Ambatomaro Antsobolo",872871.555731126,0.0428857079895617,0.277128437447844,0.260776859789439,0.250984715928856,0.168224278844299,1,1.42966814667382,0.977895946884326
12359.6353089991,4117.53927405982,872.351266910788,4654.01937495477,84.05525778234,"Ambatomitsangana",22087.6004827068,0.00380554048178071,0.0394950672706065,0.186418587083897,0.210707332315186,0.55957347284853,1,-1.55106129285522,-0.191635681200722
29856.7432450454,23489.8261476588,38653.1258816335,40892.8265270874,29295.0136613223,"Ambatonakanga Ambohitsorohitra",162187.535462747,0.180624322194298,0.238323652747727,0.144831266352488,0.252132979334161,0.184087779371326,1,3.16580604013843,-1.45939987777005
71697.1618160399,61549.8673605122,45613.8783408926,59890.9591972483,5362.43247353422,"Ambatoroka",244114.299188227,0.0219668921131058,0.186854594313303,0.252135444606026,0.245339823993959,0.293703244973605,1,0.296309895841084,0.96714024209065
30189.6938090051,15337.1082299479,12138.1578338346,19217.3449931864,1041.11034484646,"Ambatovinaky",77923.4152108204,0.013360686797797,0.155770352223335,0.19682284443583,0.246618361646421,0.387427754896617,1,-0.0608224258510398,0.816291958225121
26176.8653430965,16557.4130995992,4820.23124617468,13219.0375626402,443.232375174761,"Amboasarikely Ambatomena",61216.7796266854,0.0072403739281566,0.0787403596786634,0.270471808555927,0.215938140543379,0.427609317293875,1,-1.14664062810888,0.350029543356388
37728.960689608,33219.7142265935,102297.875041067,51539.5560060709,5184.12319925636,"Amboavahy",229970.229162595,0.0225425839602527,0.444830947960396,0.144452237785554,0.224114035080736,0.164060195213062,1,2.35550649791324,0.168823894535013
147559.671808643,141215.550152459,315650.161738109,182100.251795521,12960.448895284,"Ambodihady",799486.084390016,0.0162109749604615,0.394816330016476,0.176632905699919,0.227771633992176,0.184568155330967,1,1.85629457377124,0.45008297473836
73144.9649317317,54941.0380926645,193921.887071216,132996.368184537,8358.53375521896,"Ambodimita",463362.792035368,0.0180388540014256,0.418509838089058,0.118570241368174,0.287024272277748,0.157856794263594,1,2.69797367064838,1.74924555307241
52543.6198153338,38701.4748972807,75352.5227839699,55595.795063565,6697.9732775318,"Ambodirano Ampefiloha",228891.385837681,0.0292626708210054,0.329206459684797,0.169082269110494,0.242891600573343,0.229556999810361,1,1.6360378474507,0.564846993589128
102159.924475268,82376.0161059237,71869.4591657558,75841.7569653432,7980.66953248723,"Amboditsiry",340227.826244778,0.023456839555344,0.211239215672057,0.242120161114212,0.222914621071525,0.300269162586862,1,0.309414367013722,0.32974678900254
71126.9791771076,88098.4899710805,136614.272843129,101544.306326737,159624.981313649,"Ambodivoanjo Ambohijatovo Fara",557009.029631704,0.286575213007217,0.245264018311263,0.158163486199374,0.182302801076455,0.127694481405691,1,4.07396188307832,-4.6805322221265
22754.1747676907,31042.2000896403,72130.9715772578,36140.1723291981,5087.12348217712,"Ambodivona",167154.642245964,0.0304336356670941,0.431522395119119,0.185709470419388,0.2162080086057,0.136126490188699,1,2.26087211262593,0.035051144124718
11552.081339534,8635.61604009051,2287.16968851057,5906.43417289889,480.295608825982,"Ambodivona Ankadifotsy",28861.59684986,0.0166413387077823,0.0792461241977908,0.299207839573589,0.204646825455451,0.400257872065387,1,-1.12891818078665,0.0611330832793944
30464.2847494715,49539.8548628368,124331.229258234,25716.614747042,7171.73686643918,"Ambodivonkely",237223.720484023,0.0302319551004689,0.524109600020405,0.208831792882084,0.10840659059967,0.128420061397373,1,1.97524276615613,-2.61417826421312
22410.2531100173,19605.9374731748,4355.79051774255,12010.3824172816,640.1269773487,"Ambohibary Antanimena",59022.490495565,0.0108454755462547,0.0737988261960895,0.332177400657941,0.203488235017533,0.379690062582182,1,-1.28543814341257,0.261317501458416
63103.6074082218,27760.4195329443,13150.0003470183,28585.0818820779,1367.2807970047,"Ambohidahy",133966.389967267,0.0102061479550115,0.0981589512879409,0.207219284924578,0.213375025549784,0.471040590282685,1,-0.935740550655938,-0.0407438226335563
45840.7729725992,50736.5917176029,44691.3895158763,46002.6337675529,5006.94165743608,"Ambohidroa",192278.329631067,0.0260400725710646,0.232430714379658,0.263870566251295,0.23925022573173,0.238408421066253,1,0.682143758315497,0.858091049101217
11451.0502992094,7167.45772113738,2581.58764636854,6612.17263659855,416.988718342036,"Ambohimanandray",28229.2570216559,0.014771508793949,0.0914507825830517,0.253901748658808,0.234231196078808,0.405644763885383,1,-0.73931271627646,0.669387210823554
27138.4648309199,34357.1946428066,199465.826853013,42753.4348071428,8131.7827100375,"Ambohimandroso",311846.70384392,0.0260762182501935,0.639627818393893,0.110173345490939,0.137097600456091,0.087025017408883,1,3.23242610663501,-2.13836908765076
9439.3661332219,3384.01366199326,1243.00431747743,4323.50066113716,116.396062105894,"Ambohimiadana Atsimo",18506.2808359356,0.00628954370344771,0.0671666191871333,0.182857576408446,0.233623422202788,0.510062838498185,1,-1.04839278138182,0.398665272407673
13415.4444444885,4886.39526898879,1581.2133902866,5411.19936937699,128.746353641152,"Ambohimiadana Avaratra",25422.998826782,0.00506416864974732,0.0621961791785501,0.192203732623438,0.212846619954076,0.527689299594189,1,-1.31881958085235,-0.0981869264690018
45221.6144672308,42502.2169220856,37119.3241878283,41196.6932977734,5217.35122928606,"Ambohimiandra Fenomanana Antsa",171257.200104204,0.03046500366765,0.216746064780006,0.248177693528941,0.240554518424373,0.26405671959903,1,0.631375807788139,0.739544488594314
46895.7462524619,30639.7929066808,11195.7231818482,25496.6252077295,1557.65324979818,"Ambohimirary",115785.540798519,0.0134529168241197,0.0966936208496892,0.264625381505951,0.22020560626043,0.405022474559811,1,-0.856985338139945,0.37163215337742
12836.6874402656,10150.8392836358,10115.3763346236,10881.2027690136,1138.73257757822,"Ambohimitsinjo",45122.8384051168,0.0252362798491217,0.224174202956978,0.224960123131011,0.241146238880658,0.284483155182231,1,0.634364455841228,0.722798630285395
113730.59177012,86620.3045589241,192226.223770059,111910.791899849,31657.1215672571,"Ambohipo Tanana Ampahateza And",536145.033566209,0.0590458170556712,0.358534000569681,0.161561329744608,0.208732311023132,0.212126541606908,1,1.98717997050583,-0.750405678022509
14698.9884429941,14266.6542682217,21680.6581519247,18987.9110657528,2353.3636843581,"Ambohipotsy Ambohimitsimbina A",71987.5756132514,0.0326912479592506,0.301172222668015,0.198182174447274,0.263766502816599,0.204187852108862,1,1.64009178019609,1.18207691485635
65691.8846934999,42649.3279746306,61190.6635647723,67535.0382809514,5450.15018066205,"Ambohitrakely",242517.064694516,0.0224732646650134,0.252314877890553,0.175861142094695,0.278475406941038,0.270875308408701,1,1.22621065566213,1.5490266004948
8187.49821418751,7008.08105968202,5075.01944331825,6259.45187338043,760.428288164083,"Ambohitsiroa Vn",27290.4788787323,0.027864233952915,0.185963004382208,0.256795825783163,0.229363944150444,0.30001299173127,1,0.214414245708697,0.483610635190275
43421.6072427384,32155.0013691921,29298.2319918576,33776.0824595111,2372.40989734692,"Ambohitsoa Ankazolava Antanamb",141023.332960646,0.0168228182353977,0.207754499746744,0.228011923233762,0.239507050006658,0.307903708777438,1,0.352976520750827,0.789228039922503
161487.932833497,149508.514401348,210591.883799354,185083.010445303,30016.9328168556,"Ambolokandrina 5a",736688.274296357,0.0407457724850122,0.285862950649648,0.202946781722771,0.251236536406234,0.219207958736334,1,1.49991257441827,0.745164945426675
18284.1982598695,43513.5017614996,252047.562652579,69216.4939029733,11004.1694551203,"Amorona",394065.926032042,0.0279246916015408,0.639607603708637,0.110421883464143,0.175646990339746,0.0463988308859335,1,3.64128044633771,-1.13657329354984
68976.7680143136,51987.7322148514,36082.9104639707,52926.5730885272,3453.23486616035,"Ampahibe",213427.218647823,0.0161799178569559,0.169064239756182,0.243585295934707,0.247984176638039,0.323186369814116,1,0.0887413162244876,1.05456930892002
13390.5800849708,5847.86558677855,1703.681004446,5841.80559041019,151.237117171288,"Ampandrana Andrefana",26935.1693837768,0.00561485673308512,0.0632511709940141,0.217108921924981,0.216883937397058,0.497141112950862,1,-1.27199911866608,0.122830545516394
29442.8913287057,20453.9118237647,16483.130063082,21274.1791258349,2039.23981676716,"Ampandrana Ankadivato",89693.3521581545,0.02273568517287,0.18377203735253,0.228042673527228,0.237187914309664,0.328261689637707,1,0.21019909030137,0.620385361598085
17661.7622210794,7063.56725825106,5191.59500831889,8842.40946586854,484.45471679722,"Ampandrana Atsinanana",39243.7886703151,0.0123447488943307,0.132290871606032,0.179991980835278,0.225319974586377,0.450052424077982,1,-0.48157087281534,0.155757335601113
23550.37727384,10010.2543761152,4330.12149260117,10030.5240288176,392.004381038249,"Ampandrana Besarety",48313.2815524122,0.00811380159745487,0.0896259031360494,0.207194668928784,0.20761421510845,0.487451411229262,1,-1.09669589001569,-0.175467878033376
12356.1294558945,36749.2286093697,114323.341252162,40812.5229409452,2772.09381104732,"Ampandriambehivavy",207013.316069419,0.0133908961205073,0.552251147041312,0.177521085634155,0.197149264191581,0.0596876070124449,1,2.86395594699364,-0.143703936755035
30083.0937422194,20949.6282600902,49781.3972449697,29729.1411684682,3698.43734230896,"Ampangabe Anjanakinifolo",134241.697758056,0.0275505852806975,0.370834085655641,0.156059023462648,0.221459812152026,0.224096493448988,1,1.7616635314693,0.00233262681515969
55894.6976706575,36446.4717307637,21750.110160206,36134.0143589493,2500.19313511159,"Ampanotokana",152725.487055688,0.0163705035964295,0.142413100652122,0.238640402681933,0.236594526922502,0.365981466147014,1,-0.248340289864109,0.694935555432082
27762.565453836,23540.5749913494,8985.15884342791,16484.0098991527,1075.84151429264,"Amparibe Ambohidahy Mahamasina",77848.1507020586,0.0138197440092073,0.115419040303424,0.302390933876441,0.211745683750928,0.356624598060001,1,-0.790225945304353,0.344560393386701
56204.4555356058,75344.2880027095,352355.706560144,207458.463873223,8193.39495246293,"Ampefiloha Ankeniheny",699556.308924145,0.0117122736911109,0.503684552716042,0.107702964066727,0.296557205226661,0.0803430042994584,1,3.43650339249598,2.13284841759399
24194.0996306469,27806.6642934519,9313.67853632574,15589.013619696,1417.42446374742,"Analamahitsy Cite",78320.880543868,0.0180976574050838,0.118916928303801,0.355035133675205,0.199040326301803,0.308909954314107,1,-0.845471699389786,0.205895505768877
142562.311622965,103245.107108681,68565.8055591483,100270.641509414,8087.50989589916,"Analamahitsy Tanana",422731.375696107,0.0191315581498571,0.162197105540704,0.244233366730038,0.237197064789192,0.337240904790209,1,-0.0343916073227867,0.722912527665342
17884.7458894084,4886.40423382469,1851.8052841099,5609.64790737554,87.1604695767164,"Anatihazo Isotry",30319.7637842952,0.0028747080682028,0.0610758479942077,0.161162345082507,0.185016214086773,0.589870884768309,1,-1.62344859834421,-0.959660898426941
23830.4351969757,15415.092515051,15420.1551806878,18700.3682772377,1716.01422259142,"Andafiavaratra Ambavahadimitaf",75082.0653925437,0.0228551813754691,0.205377344110984,0.205309915683031,0.249065714687902,0.317391844142613,1,0.524741086274787,0.849880382897513
33145.5502101464,19116.6066370578,27998.4465494456,26470.3555434903,2575.63733057585,"Andavamamba Ambilanibe",109306.596270716,0.0235634208588552,0.256145992142165,0.174889780573831,0.242166131291217,0.303234675133932,1,0.91549501783622,0.567866800635746
22738.9411017035,9609.05880801071,3271.94887099322,8588.65481725962,401.65025305748,"Andavamamba Anatihazo I",44610.2538510245,0.00900354107821907,0.0733452197317652,0.215400227044214,0.192526472634326,0.509724539511475,1,-1.37656742865964,-0.567918427641261
30245.7635270093,15446.8884756578,13193.4187043284,14534.5650679913,2551.85318465531,"Andavamamba Anatihazo II",75972.4889596422,0.0335891744445926,0.173660477430678,0.203322132619131,0.191313530292686,0.398114685212912,1,-0.162824669008805,-0.877630292907593
23563.9964776288,13881.5136899234,30466.8264696927,19573.7794345128,4864.74563746416,"Andavamamba Anjezika I",92350.8617092219,0.052676775802931,0.329903001507677,0.15031276842474,0.211950154792743,0.255157299471909,1,1.68477011715555,-0.66511047241219
22928.4404269915,12696.1336747431,33397.9779225389,21128.6586980139,3583.33054360088,"Andavamamba Anjezika II",93734.5412658883,0.0382284960827447,0.356303849909522,0.135447760273655,0.225409527935707,0.244610365798372,1,1.84033330587922,-0.152894945947982
15865.9927043769,13652.9682249456,9167.53425764223,13031.1581075444,1058.73132921784,"Andohamandry",52776.3846237269,0.0200607020879914,0.17370523432029,0.258694647658899,0.246912671272407,0.300626744660413,1,0.16838276908898,1.05146965290906
72705.0641888667,75932.6914610035,118880.513193284,79788.3428403715,131722.159755315,"Andohan'i Mandroseza Ambohibat",479028.77143884,0.274977553769195,0.248169880978562,0.158513842984686,0.166562736097697,0.15177598616986,1,3.77348804522314,-4.93723451980221
54592.0297919895,31780.625444048,39755.4320856617,35071.1345062316,5178.38880170137,"Andohatapenaka I",166377.610629632,0.0311243128333464,0.238947006963335,0.191015036961877,0.210792391918059,0.328121251323383,1,0.560368717656968,-0.311190673738513
99207.5493612865,110308.61286714,201390.183289959,101479.129544669,12185.6178760062,"Andohatapenaka II",524571.09293906,0.0232296785698441,0.383913993738414,0.210283437939945,0.193451623451271,0.189121266300527,1,1.51090052150363,-0.408536207814806
46488.6310056184,35082.5550538037,92945.0688885931,51270.5110782326,6773.61004087026,"Andohatapenaka IIi",232560.376067118,0.0291262430660818,0.399659952655773,0.150853535959534,0.220461077442684,0.199899190875928,1,2.02459816680753,-0.0379561032322949
41760.673471385,92402.9892358337,93308.3112265634,39923.3525845716,7287.9856980847,"Andraharo",274683.312216438,0.0265323205813904,0.339694138947329,0.336398263477412,0.145343203642141,0.152032073351728,1,0.650044987059761,-1.17644325220315
155752.515604732,114380.806768002,63001.1733967223,107243.520125961,7635.89015248352,"Andraisoro",448013.906047901,0.0170438686152459,0.140623254203155,0.255306376038632,0.239375427142421,0.347651074000546,1,-0.233219890007075,0.837983837989911
11836.1727539963,2432.87749237732,199.99024046585,3095.53087744663,11.7006484866142,"Andranomanalina Afovoany",17576.2720127727,0.000665707066783634,0.0113784220180773,0.138418288622828,0.17611987770769,0.673417704584621,1,-2.16149388045292,-1.3322424863905
7521.83001127887,1359.53271174671,306.242265381385,1941.9868731192,28.3349397778511,"Andranomanalina I",11157.926801304,0.00253944485229457,0.0274461618932286,0.121844562700288,0.174045493190746,0.674124337363443,1,-2.00979251810394,-1.47436513511371
6498.77420370345,1307.28012913826,80.9577196030878,1414.99237856617,1,"Andranomanalina Isotry",9303.00443101097,0.000107492155616584,0.00870231979393886,0.140522359075798,0.152100580953115,0.698567248021532,1,-2.43161729919527,-1.95665660798271
63626.1684541705,57560.8700574685,26674.8829067783,39696.4933874889,2265.61992156824,"Andranomena",189824.034727474,0.0119353691160392,0.140524264722719,0.303232781560603,0.209122587898209,0.33518499670243,1,-0.628362945460935,0.332809575485414
11013.795081978,4729.12341985349,603.188809220679,3727.42461013974,37.2734866291285,"Andravoahangy Andrefana",20110.805407821,0.00185340596128651,0.0299932696373314,0.23515335780706,0.185344372567503,0.547655594026819,1,-1.93279202757838,-0.616234233212242
19423.5028382852,6964.43528850404,963.593215066008,6640.84447089117,79,"Andravoahangy Atsinanana",34071.3758127464,0.00231866187130739,0.028281605661064,0.204407222261291,0.194909783138454,0.570082727067884,1,-1.8331625106596,-0.517949113163473
29014.0397695771,18154.0718211517,5447.09595948597,13031.0101068762,602.845437139273,"Andravoahangy Tsena",66249.0630942303,0.0090996824556116,0.0822214791436103,0.274027600893464,0.196697273866973,0.43795396364034,1,-1.2818063643223,-0.166028349181476
45175.3820966607,35823.2005915922,11308.913705334,25904.614022722,728.934643778019,"Andrefan'ambohijanahary IIIG-I",118941.045060087,0.00612853740615592,0.0950799927781103,0.301184511818397,0.217793731420768,0.379813226576569,1,-1.01678177545269,0.580798790055722
23977.746511417,13782.7517588351,7050.86070788644,13914.5051159641,579.70852092281,"Andrefan'ambohijanahary IIIH-I",59305.5726150254,0.00977494180329249,0.118890357128093,0.232402304726135,0.234623906361858,0.404308489980621,1,-0.563671654881902,0.67515816875246
77180.4254720596,138657.747067454,98568.2538546196,80373.7612344733,11623.5508747904,"Andrefan'ankadimbahoaka",406403.738503397,0.0286009939711548,0.242537763598343,0.341182262688007,0.197768262492992,0.189910717249503,1,0.363149681397714,0.103253141964102
31508.9644778238,15227.3515397717,14680.6755776609,18017.2721647552,2908.41735122999,"Andrefan'i Mananjara",82342.6811112417,0.0353208969149406,0.178287558524211,0.184926593769763,0.218808422577528,0.382656528213558,1,0.182384714684685,-0.252834355416514
87828.7199635398,167222.472259541,223254.773988213,151326.503591206,23226.4059419864,"Androhibe",652858.875744487,0.0355764573400341,0.341964829280485,0.256138774354334,0.231790528111671,0.134529410913476,1,1.69174028643963,0.617404840491109
37317.3522442543,33759.8987185601,51640.2382215882,34334.6652841654,6706.8046130318,"Androndrabe Ampamantanana Ambo",163758.9590816,0.040955344676378,0.315342980385313,0.206156041219936,0.209665874018268,0.227879759700105,1,1.34284554941017,-0.314853697183716
68134.4300040565,111491.438704787,192217.226182695,115363.995737884,14179.7449050043,"Androndrakely Saropody Antonta",501386.835534427,0.0282810474867976,0.383371107017221,0.222366106971973,0.230089798059652,0.135891940464357,1,1.93816504033758,0.555383994345605
63291.5136259131,48532.1188166366,87379.4329757464,58079.3937927418,8995.15858245891,"Angarangarana",266277.617793497,0.0337811290975076,0.328151624983782,0.182261352714497,0.218115943330181,0.237689949874033,1,1.44185558263965,-0.0933214925334011
20453.3318133349,12385.5821859917,2829.2772112675,9649.8928455098,293.618876306718,"Anjanahary IIa",45611.7029324106,0.00643735834072707,0.0620296333916769,0.271543954505386,0.211566160110475,0.448422893651735,1,-1.34573140259832,0.230798889608081
37762.0223073848,20348.9852702919,14627.9295676182,23319.7320937865,2111.10387738608,"Anjanahary IIn",98169.7731164674,0.0215046221496457,0.149006451815507,0.207283613115313,0.237544932146479,0.384660380773055,1,-0.0943617542684265,0.507237384496376
23511.3504942057,9403.73953470614,2311.49392875086,9883.84312847709,188.439497768879,"Anjanahary IIo",45298.8665839087,0.00415991639481367,0.0510276327658044,0.207593263228502,0.218191841735574,0.519027345875306,1,-1.38136072304738,0.11768339617615
27723.0740336093,12478.1470930792,3098.22867249142,11899.8263830295,277.481879979372,"Anjanahary IIs",55476.7580621887,0.00500176812185598,0.0558473274342807,0.224925672100221,0.214501113595895,0.499724118747747,1,-1.37142022927675,0.0969631432462766
4073.87314437574,1564.55117512328,581.085216162901,1835.17510122387,119.510136638535,"Anjanakomboro",8174.19477352432,0.0146204170502055,0.0710877624356344,0.191401259508858,0.224508364685398,0.498382196319905,1,-0.987012235390448,0.0888583984258984
18617.4122457244,5491.99352341645,1203.9375625141,6729.12059307707,98.1531225088984,"Ankadifotsy Antanifotsy",32140.6170472409,0.00305386552985684,0.0374584458271142,0.170873929251085,0.209365009488974,0.579248749902971,1,-1.58640628761908,-0.294289322267831
17647.8645697878,8528.74264201144,1318.78310368862,7075.4434396204,139.080159296849,"Ankadifotsy Befelatanana",34709.9139144051,0.00400692896098279,0.0379944216208876,0.245714888923187,0.203845029897467,0.508438730597475,1,-1.65357939893251,-0.0932683025060095
12808.4001224232,6226.83503080369,10576.7095061665,11455.7354056962,861.67249821461,"Ankadilalana",41929.3525633042,0.0205505796187449,0.252250723170551,0.148507779160256,0.273215175178309,0.30547574287214,1,1.15677028093077,1.30339797500578
14538.780678501,10091.5447144766,2817.95280062582,7379.21917948891,234.342413628474,"Ankaditapaka Avaratra",35061.8397867209,0.0066836884502914,0.080370933692221,0.287821311598675,0.210462976968016,0.414661089290796,1,-1.20221020194729,0.29724331894809
56181.6555485425,66968.5379205101,137952.797264666,65819.1055815196,20755.7204632581,"Ankaditoho Marohoho",347677.816778497,0.0596981442634904,0.396783431692322,0.19261665452523,0.189310627268039,0.161591142250918,1,2.11997453085287,-1.08315797289153
14364.620655859,8390.00745771782,3131.68980495443,7564.31002152528,251.832582041621,"Ankadivato IIl",33702.4605220982,0.00747223134870223,0.0929216964114839,0.248943469638267,0.22444385081515,0.426218751786397,1,-0.928176193011552,0.485662893533835
44996.5595185783,40960.0276673622,119891.860398307,47677.1660178469,10976.8004366903,"Ankasina",264502.414038785,0.0414998119264075,0.453273218068728,0.154856914316692,0.18025229066853,0.170117765019643,1,2.26559384821468,-1.19533343203373
32375.5964590693,35005.9914413799,99868.3075562282,42036.1085193712,6885.10069037189,"Ankazomanga Andraharo",216171.10466642,0.031850235955432,0.461987311904325,0.161936496995741,0.194457573708745,0.149768381435757,1,2.33753260282635,-0.642714416848268
46442.6442033512,51017.4566909566,54900.8926372501,36846.1465485618,6514.62385471532,"Ankazomanga Atsimo",195721.763934835,0.033285127436744,0.280504791769244,0.260663176466889,0.188257789056253,0.237289115270871,1,0.696778001290085,-0.55771260848015
57581.60884029,60496.8268765728,171920.829087782,97823.9465796894,11248.6241434481,"Ankazotoho Anosimahavelona",399071.835527783,0.0281869657089971,0.430801709823527,0.151593827202975,0.245128665745892,0.144288831518608,1,2.52270718925788,0.669953852330768
6707.22992919132,3331.94872251785,1583.25186868935,3334.33710295537,281.979634612799,"Ankazotokana Ambony",15238.7472579667,0.0185041217522249,0.103896458277543,0.218649779152675,0.218806509912565,0.440143130904992,1,-0.716222588025994,0.0528795640097867
77813.648661209,54073.6148870905,42247.5821099688,55572.6224707613,4821.82572486217,"Ankerana Ankadindramamy",234529.293853892,0.0205595882954651,0.180137761964561,0.230562306305231,0.236953864302266,0.331786479132477,1,0.143850086554628,0.651642026762608
51408.6938031857,68991.4337541256,143880.3767159,59704.7132878489,9043.73969588886,"Ankorondrano Andranomahery",333028.95725695,0.0271560160124788,0.43203563408118,0.207163468073123,0.179277843523329,0.154367038309888,1,1.84246881361545,-0.799295487109753
24712.2451510067,32211.8993504949,8411.31822270635,17224.0453980833,1180.88404560517,"Ankorondrano Andrefana",83740.3921678965,0.014101725762611,0.100445173529185,0.384663822518424,0.205683839688136,0.295105438501644,1,-1.00890792477204,0.558438869230121
53350.8148167506,103562.728011529,44270.9829800884,45099.7235246873,7567.24891579745,"Ankorondrano Atsinanana",253851.498248853,0.0298097469110827,0.174397170335742,0.407965793883185,0.177661837081126,0.210165451788865,1,-0.431660895605893,-0.203922520738221
33017.1737642205,14254.9259206043,13337.611817795,15909.5895773882,2113.68723383546,"Anosibe Ambohibarikely",78632.9883138434,0.0268804134137599,0.169618529116066,0.18128429589512,0.202327164699492,0.419889596875562,1,-0.177164872071598,-0.60436344206582
36271.5801670001,21416.6301258912,18933.4119887462,20538.3769328951,9204.5008192095,"Anosibe Andrefana I",106364.500033742,0.0865373392089424,0.178004992104884,0.201351297839948,0.193094283585027,0.341012087261198,1,0.665720110327192,-1.55205706239393
42714.187443582,23782.1558908945,4699.58469190329,18416.0290983317,472.019808404148,"Anosibe Andrefana II",90083.9769331157,0.00523977542370944,0.0521689300572573,0.263999844373567,0.20443179492403,0.474159655221437,1,-1.51554132134422,0.00971411650078394
87457.545595075,52262.2275133154,179902.606455443,193456.675244885,2806.08264691135,"Anosibe Zaivola",515885.137455629,0.00543935547504059,0.348726089188635,0.101305937540816,0.374999512874169,0.169529104921339,1,2.79374841298142,4.09842448164061
20637.8133326479,15754.5893318246,18353.4253878925,15758.0919994761,1819.57844432243,"Anosipatrana Andrefana",72323.4984961634,0.0251588831037944,0.253768495295704,0.217835000510385,0.217883431072019,0.285354190018098,1,0.659859216591268,0.104167068072582
26049.4346176486,13030.5804174615,6460.69959956477,13956.4017728586,659.497842881945,"Anosipatrana Atsinanana",60156.6142504154,0.0109630146426898,0.107397992391504,0.21661093430589,0.232001118193951,0.433026940465965,1,-0.6645471807692,0.500251981361909
24998.215466535,18444.4404356075,8912.5303892553,16336.6101604087,1451.95774001302,"Anosisoa",70143.7541918194,0.0206997437867726,0.127060926406684,0.262951999762775,0.232901850615717,0.356385479428051,1,-0.36373703805694,0.637642086420888
36754.4383888456,34066.6978377676,34873.5139750723,22251.6954419132,2405.3457609835,"Anosivavaka",130351.691404582,0.0184527391632983,0.267534035034749,0.26134450171446,0.170705076413999,0.281963647673494,1,0.194569306633293,-0.835231759510215
91634.77142783,87193.3460611429,77306.8715264425,73326.689318136,6780.76752204425,"Anosizato Atsinanana I",336242.445855596,0.0201663044199849,0.229914076819567,0.259316892129049,0.218076837775643,0.272525888855757,1,0.366780515329844,0.349540759683261
84244.0103733754,91164.9718107104,77952.8324001025,69241.7118168963,9140.5641157403,"Anosizato Atsinanana II",331744.090516825,0.0275530578449798,0.234978812369075,0.274805111580689,0.208720256957779,0.253942761247477,1,0.418940819829181,0.0808158986395383
16843.0452422894,7168.98231747365,9202.72512989115,9316.21843576388,795.448422695365,"Antanety Atsimo",43326.4195481135,0.0183594312890782,0.21240446881773,0.165464453149944,0.215023963044496,0.388747683698751,1,0.198527648282702,-0.17874871011936
22029.9570278525,13262.06055213,7723.86669575079,11567.6428572761,1040.84953883709,"Antanety Avaratra",55624.3766718464,0.0187121115078294,0.138857586509552,0.238421737835715,0.207959954778799,0.396048609368105,1,-0.528490684691351,-0.103732013178906
36113.0958040747,21214.3491259514,3255.18129762077,14305.1666920743,209.231370151043,"Antanimalalaka Analakely",75097.0242898722,0.00278614728252635,0.0433463419942696,0.282492539838392,0.19048912826235,0.480885842622462,1,-1.7730285718198,-0.249015154605912
23600.9129457191,13139.8354780851,2641.17808008628,9898.46641996604,225.386951744556,"Antanimena",49505.7798756011,0.00455274015096646,0.0533509034040686,0.26542022994291,0.199945671896071,0.476730454605984,1,-1.56047229288451,-0.092162957633362
48963.0560451335,32454.1386666768,20094.5074574967,31220.4319852588,1860.99731377279,"Antanimora Ampasanimalo",134593.131468339,0.0138268371756442,0.149298164314007,0.241127747847306,0.231961554387365,0.363785696275678,1,-0.273261167795081,0.625902456273658
18356.0516265097,7752.23919704662,1642.57427571411,7517.87172254181,122.691115021706,"Antaninandro Ampandrana",35391.4279368339,0.00346669016126399,0.0464116417864166,0.219042848762212,0.212420695089206,0.518658124200902,1,-1.49308956530208,0.0233949354593588
7617.9794062785,3495.42004455818,1144.68993341806,3034.55139054128,127.307341353036,"Antanjombe Ambony",15419.9481161491,0.00825601619370623,0.0742343570027482,0.226681699460291,0.19679387814303,0.494034049200225,1,-1.34220076557683,-0.388948845880522
12060.306297816,13126.0074042333,44414.6650437339,11207.1228695636,2112.45822528651,"Antanjombe Avaratra",82920.5598406334,0.0254756869628773,0.535629102469826,0.158296174428398,0.13515493492932,0.145444101209578,1,2.2908845110525,-2.06822563452589
28813.0781742581,12912.124414922,18606.053821637,17656.7949707849,1840.40631756734,"Antetezanafovoany I",79828.4576991693,0.0230545142748823,0.233075451510704,0.1617483888212,0.221184217755075,0.360937427638138,1,0.50727094016538,-0.07289580059513
4661.44898849571,1304.59232545532,105.479131725733,1229.93619535642,3,"Antetezanafovoany II",7304.45664103318,0.000410708167277951,0.0144403802923818,0.178602241010878,0.168381613554551,0.638165056974911,1,-2.23224431486234,-1.33780918479571
17327.8658078123,5842.84458988055,1029.34839370508,5987.31172125018,152.69444257021,"Antohomadinika Afovoany",30340.0649552183,0.00503276584264356,0.0339270332883067,0.192578512884022,0.197340108865535,0.571121579119493,1,-1.71605663552747,-0.54058077449573
38177.0810268593,20261.2264958173,5465.89490731402,16178.718584872,615.797857049853,"Antohomadinika Antsalovana Faa",80698.7188719125,0.00763082568915705,0.0677321150040767,0.251072467804309,0.200482966904981,0.473081624597476,1,-1.38071621606827,-0.172311503306703
30353.2346919593,10613.7149897567,2301.43657209974,10458.264378442,80.8037054538727,"Antohomadinika Atsimo",53807.4543377116,0.00150171953771915,0.0427717051554836,0.197253617001501,0.194364600726189,0.564108357579107,1,-1.72302400040709,-0.539388565891878
18125.951897025,13311.4701254803,5764.54638612913,10260.2508258859,736.867563530803,"Antohomadinika Avaratra Antani",48199.0867980512,0.0152879984348707,0.119598663980542,0.276176811839898,0.212872307495684,0.376064218249004,1,-0.71086928827856,0.233223158523125
26174.9376543477,13156.1729545207,2930.56967360509,10385.2825226094,546.305557459593,"Antohomadinika IIig Hangar",53193.2683625426,0.0102702009911519,0.0550928672709407,0.247327779614027,0.195236781688761,0.492072370435118,1,-1.50125656288022,-0.379999206524704
18260.9990998681,10954.4900943425,6745.10075177929,10918.1974971315,703.692426110928,"Antsahabe Ankorahotra Ankazoto",47582.4798692323,0.0147888976792474,0.141755973423756,0.230221083988223,0.229458353728878,0.383775691179895,1,-0.344328987432203,0.48522700489369
25712.4371141987,20135.8243011124,11399.6575672201,16313.9539824506,1213.35079861246,"Antsakaviro Ambodirotra",74775.2237635943,0.0162266421622292,0.152452336395016,0.269284708057482,0.218173255275411,0.343863058109861,1,-0.359473814765461,0.365624938792774
13933.4381806278,6933.13091030577,2856.79000033607,7071.77812351101,311.492414417238,"Antsararay",31106.6296291979,0.010013698627281,0.091838622004056,0.22288274213411,0.227339901744713,0.447925035489841,1,-0.860898832577412,0.401637605943404
32279.0125058533,12990.6963607411,6814.05012526951,15570.7419863782,535.546378566418,"Avaradoha",68190.0473568085,0.00785373231615663,0.0999273411501621,0.19050722010452,0.228343322668531,0.47336838376063,1,-0.799576977236749,0.310949612305385
50780.5852237168,36119.5086568065,40195.507441393,43561.4179099033,3177.37514069863,"Avaratanana",173834.394372518,0.0182781730403114,0.231228736904942,0.207781140131591,0.250591478557191,0.292120471365963,1,0.694173115164522,0.993678693510994
28069.9964416853,24610.2589688429,40439.0870471527,21415.8010758928,2336.21023710969,"Avaratetezana",116871.353770683,0.0199895882244475,0.346013678651309,0.210575630167949,0.183242517391502,0.240178585564793,1,1.03662815560016,-0.677836068551081
4558.3126888272,1046.85411100627,447.031180470018,1459.32494375504,4,"Avaratetezana Bekiraro",7515.52292405852,0.000532231760905856,0.0594810480903453,0.1392922517281,0.194174771137146,0.606519697283502,1,-1.571497906712,-0.791315926632663
22393.1952127319,14120.8526739377,4970.06475627376,10558.3823552932,533.737757245079,"Behoririka",52576.2327554817,0.0101516926807471,0.0945306366735751,0.268578632090475,0.200820443039301,0.425918595515902,1,-1.1175576710435,-0.0828453853321179
14592.2951544986,4245.40411174503,816.820640685153,4906.44025044047,51.706948264502,"Behoririka Ambatomitsangana",24612.6671056338,0.00210082670206296,0.0331870023341836,0.172488584578193,0.199346142755793,0.592877443629768,1,-1.73700622178428,-0.545017486189828
10752.9324503329,5609.11118899046,759.810684503085,4104.9046295086,56.9977896213531,"Behoririka Ankaditapaka",21283.7567429564,0.00267799478774892,0.0356990870399106,0.263539527195861,0.192865605404322,0.505217785572157,1,-1.80891503102884,-0.284206562943359
18272.0711082729,5283.1658019882,1327.95969781815,6192.44792699146,88.7117052078247,"Besarety",31164.3562402785,0.00284657589342946,0.0426114913967587,0.169525908420978,0.198702898890239,0.586313125398594,1,-1.65029354039506,-0.575807721475079
10111.9655246648,4704.42848384588,1387.2523540721,4770.54159633348,143.795474263665,"Betafo",21117.9834331799,0.00680914798132373,0.0656905692942486,0.222768831064354,0.225899485688494,0.47883196597158,1,-1.14657626186967,0.376529515478867
41036.5363451195,25566.8731587439,12918.0464108473,21911.52994637,1548.13005710411,"Betongolo",102981.115918185,0.0150331450897662,0.125440924733329,0.248267587030771,0.212772310253251,0.398486032892882,1,-0.653832696310904,0.106318353806402
24885.7811805743,7959.00641443642,1662.27312812209,7293.02704006801,31,"Cite Ambodin'isotry",41831.0877632008,0.000741075636748586,0.0397377457055852,0.190265346660147,0.174344666372357,0.594911165625163,1,-1.95576748751595,-1.09881658959781
60999.4376779453,54938.7692154631,17203.1260503214,37826.2340336356,1175.68433566188,"Cite Ampefiloha",172143.251313027,0.00682968589645144,0.0999349432469997,0.319145646410278,0.219736955966121,0.354352768480149,1,-0.953000630402356,0.714949874821004
35856.7094740988,21473.5160531925,9609.4768404194,19414.3003224173,1096.44420157105,"Faliarivo Ambanidia",87450.4468916991,0.0125378913492451,0.109884822570661,0.245550672597315,0.222003443235236,0.410023170247542,1,-0.731279380275666,0.355014883041867
18586.6303654233,9575.46391519182,8222.2614661448,12846.2885378748,805.790890139295,"Faravohitra Ambony",50036.435174774,0.0161040827014299,0.164325484767749,0.191369826442378,0.256738684380763,0.37146192170768,1,0.155308144536649,1.03185045899717
22214.9532992229,8724.5826102065,10388.7863458392,14115.9188921713,813.021084189415,"Faravohitra Mandrosoa",56257.2622316292,0.0144518423388957,0.184665693525312,0.155083668563262,0.250917274183224,0.394881521389306,1,0.263271841150575,0.747769239917262
24838.00382481,25149.1149707592,47948.5313609939,31667.6394451995,3724.5926516715,"Fiadanana IIil",133327.882253434,0.0279355869809112,0.359628687942794,0.188626073899194,0.237517006270336,0.186292644906765,1,1.81670571869832,0.568375317027428
26686.5318492395,21182.4857441194,6952.96728520967,15952.8359917801,500.195728177205,"Fiadanana IIin",71275.0165985259,0.00701782689149945,0.0975512545212578,0.297193697806274,0.223820866737055,0.374416354043914,1,-0.921168519500975,0.712707929534163
48833.2845971984,25676.0921416995,3254.89409034015,17674.3870484056,265.933391973376,"Fiata",95704.5912696171,0.00277869001314883,0.0340098008586707,0.268284852388799,0.184676480134727,0.510250176604655,1,-1.90510570314253,-0.482531284802425
30928.0939755778,23711.8190578937,65366.6323576214,36920.9238764279,9386.19969056209,"Ilanivato Ampasika",166313.668958083,0.0564367303623598,0.393032231007399,0.142572881750747,0.221995727156578,0.185962429722916,1,2.38486907618251,-0.414444791144024
26084.1103213344,13766.9949187338,8240.06709932077,15154.8682274384,588.922381316661,"Isoraka Ampatsakana",63834.9629481441,0.00922570256357896,0.129083917633265,0.215665432905747,0.2374070184665,0.408617928430908,1,-0.44958439412972,0.687653443958422
80780.4336710138,75790.4781157017,79087.9670798732,66404.5559836207,90029.7922462573,"Ivandry",392093.227096467,0.229613229774324,0.201707047238577,0.193297085687876,0.169359099812462,0.20602353748676,1,2.72552172454736,-4.13359236275103
27348.2397053503,14830.8114144607,9780.39795165477,17346.1319242065,1064.65430300217,"Ivolaniray",70370.2352986744,0.0151293270298647,0.138984869243986,0.210754040419417,0.24649813732445,0.388633625982283,1,-0.186195260580454,0.837151893492038
47230.2463341295,38255.7824743161,10537.4133617817,25167.9106672267,1555.4805561509,"Lalamby Sy Ny Manodidina",122746.833393605,0.0126722662666419,0.0858467226440944,0.311664109098795,0.205039184893041,0.384777717097427,1,-1.13139314450569,0.192770492545534
61328.4262826372,46514.0823537494,49736.8733087462,48619.7752209646,4986.04843487946,"Madera Namontana",211185.205600977,0.0236098377284076,0.235513056737134,0.220252560880781,0.230223396012073,0.290401148641605,1,0.601722335229651,0.444411647907568
46625.7898621008,63431.3593833745,35713.047443642,40570.1461151198,4188.75452534523,"Mahamasina Atsimo",190529.097329582,0.0219848547232626,0.187441435162339,0.332922163976084,0.212934122313824,0.24471742382449,1,-0.053061044703019,0.494167867819921
17400.3249187036,8013.60290624989,2711.14175878475,8074.08441696259,252.86427295208,"Mahavoky",36452.018273653,0.00693690733538469,0.0743756282143731,0.219839758832833,0.221498967666173,0.477348737951236,1,-1.11249737742404,0.253466383643285
52912.7174786572,67713.4301788173,120771.258140505,73513.745957867,8098.32371176057,"Mahazoarivo Ambohidraserika",323009.475467607,0.025071474141856,0.373893855484176,0.209632952967685,0.227590060172211,0.163811657234073,1,1.79037786885372,0.460326192700015
41026.5905681684,42746.5617701832,40534.0626301197,38884.3939337863,5418.21111644479,"Manakambahiny Ankerakely Ambat",168609.820018702,0.032134611826546,0.240401553276219,0.253523559692085,0.230617611296146,0.243322663909004,1,0.758282216869904,0.505089239057917
37222.1169095664,30773.8583561805,17484.8453591327,27012.7341090021,1855.20289283071,"Mananjara",114348.757626712,0.0162240756378566,0.152908048342872,0.269122804610092,0.236231111466766,0.325513959942413,1,-0.176514761540194,0.845852584441694
14892.1408170365,3329.92149001668,325.610540408641,3537.60733872637,30.7304131984711,"Manarintsoa Afovoany",22116.0105993866,0.00138950978795983,0.0147228424830684,0.150566101198606,0.159956847679594,0.673364698850773,1,-2.2874495968314,-1.70983201942024
10240.9331922334,2625.09671300254,486.143170557916,3012.00297950371,22,"Manarintsoa Anatihazo",16386.1760552976,0.0013425951195543,0.0296678840088959,0.16020191069251,0.183813659107485,0.624973951071554,1,-1.92720528068697,-1.01113299397177
30427.7247520053,22754.2495768875,6033.21517771213,15292.0471474481,1017.94934725761,"Manarintsoa Atsinanana",75525.1860013106,0.0134782766008673,0.0798834865180927,0.301280285181855,0.20247612693311,0.402881824766075,1,-1.19198099199266,0.056922755421793
4238.58828685501,803.271659254766,88.1788007616997,987.834514184302,4,"Manarintsoa Isotry",6121.87326105578,0.00065339477467558,0.0144038919137134,0.131213376200512,0.161361477453053,0.692367859658046,1,-2.27900130825949,-1.75598967314626
8660.16276388115,3210.65666225925,643.126006658189,3335.91023753517,57.801030382514,"Mandialaza Ambatomitsangana",15907.6567007163,0.00363353518811551,0.0404287079334086,0.201830899589044,0.209704691287747,0.544402166001684,1,-1.56186587445178,-0.140748273248348
14966.8734710511,6698.5956917144,1270.83414684552,5811.19529090445,86,"Mandialaza Ambodivona",28833.4986005155,0.00298264186360175,0.0440749200939076,0.232319906249415,0.201543190142058,0.519079341651018,1,-1.6335582440666,-0.198209895437698
12969.8661231859,4540.03098345485,792.445629316615,5025.45700192006,74.9646635055542,"Mandialaza Ankadifotsy",23402.764401383,0.00320323967800676,0.0338611975801365,0.193995500086586,0.214737751306982,0.554202311348289,1,-1.57144054032633,-0.0461631944860418
23201.948787593,7801.81871645665,1218.69886057451,7548.99902274995,87.8961083292961,"Mandrangobato I",39859.3614957035,0.00220515595411057,0.030574971972541,0.195733660141486,0.189390866774514,0.582095345157349,1,-1.8662354908203,-0.702393913443826
39512.4013560813,20705.499708971,38073.874681971,20236.004217357,3377.01427273813,"Mandrangobato II",121904.794237119,0.0277020628587376,0.312324670413807,0.169849757251519,0.165998428068348,0.324125081407588,1,0.70561882480756,-1.47531270916733
56184.3297876942,59596.392968149,49959.7367827519,50998.3557407294,6804.00957861356,"Mandroseza Afovoany Mandroseza",223542.824857938,0.0304371638093843,0.223490674838261,0.26659944467474,0.228136849273239,0.251335867404375,1,0.558199558805897,0.50583742791054
17668.0190008035,17024.8520611208,28704.2149675818,24527.7400994583,3420.67854403833,"Manjakamiadana Antsahondra AMB",91345.5046730028,0.0374476944025174,0.31423784969317,0.186378652371194,0.268516115678186,0.193419687854932,1,1.87374382533788,1.20202103086666
24832.0587431756,11733.9835587436,1714.00831833307,9997.13368625852,191.240091457963,"Manjakaray IIb",48468.4243979687,0.00394566346716189,0.0353634008041925,0.242095419945925,0.206260752447267,0.512334763335453,1,-1.6516350403702,-0.0485670732365138
41162.8634561266,21078.64751793,51130.5591361649,24951.1466595492,21290.7276715443,"Manjakaray IIc",159613.944441315,0.133388894974475,0.320338923489006,0.132060188047542,0.156321847360416,0.25789014612856,1,2.23662410426576,-3.33721333149118
29471.2003210058,15449.8490177526,5423.95470711112,13359.2099904841,722.198203507811,"Manjakaray IId",64426.4122398614,0.0112096604234153,0.0841883711748153,0.239806136654519,0.207356106386111,0.45743972536114,1,-1.11428776736597,-0.0734862694335727
22342.0479314615,16798.0205565158,13707.9567046791,15334.2119696673,1702.83908422669,"Miandrarivo Ambanidia",69885.0762465504,0.0243662764024064,0.196149985675315,0.240366347991857,0.219420408379739,0.319696981550683,1,0.159119359619326,0.198910902039208
49283.6979056274,86957.0174470672,173238.639426159,68785.6887379531,7017.90100609139,"Morarano",385282.944522898,0.0182149277715414,0.449640042179088,0.225696513908103,0.178532919029498,0.12791559711177,1,1.84819177969923,-0.588843791832161
28256.4398021208,25785.4422413641,12831.277466943,21792.0932567234,2153.4074098634,"Morarano Andrangaranga Ambatol",90818.6601770146,0.0237110678099214,0.141284593297606,0.283922292963865,0.239951714925638,0.311130331002969,1,-0.136360916292354,0.901472594028341
137070.920756618,131228.213663163,84573.7894836871,105406.971037425,12124.8612659492,"Nanisana Iadiambola",470404.756206842,0.0257753798318692,0.179789401292744,0.278968722003017,0.224077179591858,0.291389317280513,1,0.0692982592491084,0.470958011696767
21750.0697222343,23667.386102407,7525.58233176638,16472.6844908306,885,"Soanierana III-I Cite Gare",70300.7226472382,0.0125887752881409,0.107048434900577,0.336659215029232,0.234317427624305,0.309386147157745,1,-0.670532843533837,1.11722388927152
29931.7349336392,18916.9960631914,6726.73507324501,15263.6919712152,776.452335778624,"Soanierana IIIJ",71615.6103770695,0.0108419425833343,0.0939283354261383,0.264146265927079,0.213133587647288,0.417949868416161,1,-0.988760722794867,0.213398676756542
26490.7565379394,7758.22465503588,2798.61409320045,9630.75053290944,90.82766020298,"Soarano Ambondrona Ambodifilao",46769.1734792882,0.00194204116613699,0.0598388614765627,0.165883296151719,0.205920905084509,0.566414896121072,1,-1.44240695121446,-0.369508876164792
16034.1667829981,6245.48717215235,1164.67199669452,5599.90990784205,69.2255264818668,"Soarano Ambondrona Tsiazotafo",29113.4613861689,0.00237778413097778,0.0400045869244469,0.214522316302775,0.192347788315629,0.550747524326171,1,-1.76115330140267,-0.524943387579719
217109.584938962,376595.994840593,623887.47648333,450225.281072969,36118.6461368514,"Soavimasoandro",1703936.98347271,0.0211971724818367,0.366144688761797,0.221015212706442,0.264226485744437,0.127416440305487,1,2.02573031928874,1.53356790287921
19909.825104268,13614.3876847972,16189.2577375475,15494.655327973,1611.24482090888,"Soavinandriana",66819.3706754945,0.024113439031532,0.24228390022064,0.203749115670588,0.231888674965559,0.297964870111681,1,0.690587456709522,0.410146322753991
30869.6643293496,20265.1253939765,20997.3893315253,26073.1403551161,2263.53090900788,"Tsarafaritra",100468.850318975,0.0225296786200048,0.20899402416631,0.201705556793348,0.25951466820151,0.307256072218827,1,0.656142311087136,1.11905274024358
47725.287673584,32075.1588569584,8123.14466391998,25274.6133267349,1050.97371278703,"Tsarahonenana",114249.178233984,0.00919896080683065,0.0711002458790875,0.280747392259294,0.221223589678449,0.417729811376339,1,-1.13555897498852,0.504917089649095
17950.1793770779,14763.1231861817,23317.1862595933,15105.0768327448,1902.74891579896,"Tsaramasay",73038.3145713967,0.0260513803880151,0.319245951887351,0.202128475620154,0.206810314851655,0.245763877252825,1,1.1322258814017,-0.203896553443628
103806.827630251,98826.0473519269,138150.568977706,112423.67525988,12430.7791449215,"Tsiadana",465637.898364685,0.0266962358274064,0.29669098985046,0.212237980840913,0.24144013117212,0.222934662309101,1,1.28694846829403,0.731827658852465
14348.3992706787,7275.20553273947,10496.2398749347,11920.6251314698,712.821633172221,"Tsimialonjafy",44753.2914429949,0.015927803524355,0.234535595852305,0.16256246855064,0.266363093017502,0.320611039055198,1,0.863344348540199,1.23126688717705
18227.9773198713,8968.18099818133,10975.8666849773,11865.0911824951,1034.91509092879,"Volosarika Ambanidia",51072.0312764538,0.0202638325726026,0.214909538756442,0.175598674539424,0.232320722045872,0.356907232085659,1,0.415121633321835,0.307272770286605
